commonName,lat,lon,NbDocks,geometry,Station_number,Community,Unique_Trips,Total_network_trips,Utilization
"River Street , Clerkenwell",51.529163,-0.10997,19,POINT (700457.6895490855 5712632.1372792665),1023,1,347,211577,0.001640064846367989
"Christopher Street, Liverpool Street",51.521283,-0.084605,32,POINT (702251.640902797 5711825.858795362),1012,1,449,211577,0.0021221588357902797
"St. Chad's Street, King's Cross",51.530059,-0.120973,23,POINT (699690.7244891608 5712701.654961897),1013,0,283,211577,0.0013375745000638066
"Sedding Street, Sloane Square",51.49313,-0.156876,27,POINT (697360.5455241217 5708498.365484301),3420,3,406,211577,0.001918923134367157
"Broadcasting House, Marylebone",51.518117,-0.144228,18,POINT (698129.9010837389 5711310.670292128),3424,0,570,211577,0.0026940546467716245
"Charlbert Street, St. John's Wood",51.5343,-0.168074,16,POINT (696406.1191667509 5713045.626331833),3422,0,340,211577,0.001606979964740969
"New Globe Walk, Bankside",51.507385,-0.09644,19,POINT (701492.1098577491 5710247.99872348),1015,2,319,211577,0.001507725319859909
"Park Street, Bankside",51.505974,-0.092754,18,POINT (701754.0854808401 5710101.280816227),1024,2,218,211577,0.0010303577420986212
"Brunswick Square, Bloomsbury",51.523951,-0.122502,24,POINT (699611.4163656881 5712018.380143867),1022,0,685,211577,0.0032375919877869522
"Malet Street, Bloomsbury",51.52168,-0.130431,49,POINT (699071.3953932829 5711744.275086651),980,0,1289,211577,0.006092344631032674
"Scala Street, Fitzrovia",51.519914,-0.136039,21,POINT (698690.1128155339 5711532.678439824),970,0,543,211577,0.0025664415319245474
"Argyle Street, Kings Cross",51.529416,-0.123944,45,POINT (699487.5055428941 5712622.056573413),1011,0,2454,211577,0.011598614216100993
"Great Russell Street, Bloomsbury",51.517727,-0.127854,26,POINT (699267.3978985668 5711311.788770915),988,0,517,211577,0.0024435548287384734
"Cartwright Gardens , Bloomsbury",51.526357,-0.125979,21,POINT (699359.7494795077 5712276.4009797955),1010,0,600,211577,0.00283584699660171
"Hatton Wall, Holborn",51.521661,-0.109006,26,POINT (700557.5179070572 5711800.693465647),1008,1,889,211577,0.004201779966631534
"Drury Lane, Covent Garden",51.51477,-0.122219,27,POINT (699671.2129700341 5710998.3896947885),1007,0,787,211577,0.003719685977209243
"Taviton Street, Bloomsbury",51.52505,-0.131161,30,POINT (699006.0630774255 5712116.973011884),1009,0,889,211577,0.004201779966631534
"Drummond Street , Euston",51.527326,-0.136052,28,POINT (698656.9362694563 5712356.727549303),993,0,421,211577,0.0019898193092822
"Northington Street , Holborn",51.522264,-0.114079,19,POINT (700203.0090038239 5711853.837899662),3425,0,804,211577,0.0038000349754462913
"Red Lion Square, Holborn",51.519435,-0.119123,16,POINT (699865.5526481713 5711525.509333807),3421,0,370,211577,0.0017487723145710545
"British Museum, Bloomsbury",51.51908,-0.124678,35,POINT (699481.790303905 5711470.875232247),981,0,649,211577,0.0030674411679908497
"Doric Way , Somers Town",51.528833,-0.13225,50,POINT (698914.0400311323 5712534.613580225),1004,0,952,211577,0.004499543901274713
"Ampton Street , Clerkenwell",51.52728,-0.118295,21,POINT (699888.6133905658 5712399.995512439),1019,0,486,211577,0.0022970360672473853
"Bouverie Street, Temple",51.513821,-0.107927,33,POINT (700666.8285649393 5710931.987707127),1021,2,576,211577,0.0027224131167376416
"Bolsover Street, Fitzrovia",51.523518,-0.143613,19,POINT (698149.1060044516 5711912.833487239),1025,0,488,211577,0.002306488890569391
"Windsor Terrace, Hoxton",51.529154,-0.093421,24,POINT (701605.3761187105 5712676.627229066),1029,1,571,211577,0.002698781058432627
"Fanshaw Street, Hoxton",51.529537,-0.083353,36,POINT (702301.8755660217 5712747.0122642545),3427,1,654,211577,0.0030910732262958637
"Leonard Circus , Shoreditch",51.524696,-0.084439,43,POINT (702248.0251150315 5712205.779659334),1020,1,790,211577,0.0037338652121922515
"Central House, Aldgate",51.515231,-0.07015,18,POINT (703281.1985446087 5711193.0626632925),3430,1,320,211577,0.001512451731520912
"Pancras Road, King's Cross",51.534123,-0.129386,16,POINT (699089.5654579361 5713130.562144762),3428,0,226,211577,0.001068169035386644
"Shoreditch High Street, Shoreditch",51.526377,-0.07813,41,POINT (702678.1171697058 5712410.140615334),3445,1,702,211577,0.003317940986024001
"Commercial Street, Shoreditch",51.52127,-0.075578,16,POINT (702877.8123461218 5711849.4140026225),1083,1,276,211577,0.0013044896184367866
"Pindar Street, Liverpool Street",51.520955,-0.083493,24,POINT (702330.2238314708 5711792.46688062),1084,1,252,211577,0.0011910557385727183
"Wenlock Road , Hoxton",51.530991,-0.093903,28,POINT (701563.8326080084 5712879.539254069),979,1,920,211577,0.004348298728122622
"Crawford Street, Marylebone",51.52026,-0.157183,18,POINT (697222.0039486261 5711513.923644061),1036,0,538,211577,0.0025428094736195334
"Bruton Street, Mayfair",51.510736,-0.144165,21,POINT (698166.3156989609 5710490.202837724),1034,0,231,211577,0.0010918010936916583
"Boston Place, Marylebone",51.522511,-0.162298,26,POINT (696857.5019269667 5711750.417170171),1035,0,1106,211577,0.005227411297069152
"Godliman Street, St. Paul's",51.512484,-0.099141,25,POINT (701282.2251579571 5710807.477017853),971,1,495,211577,0.0023395737721964107
"Curzon Street, Mayfair",51.507069,-0.145904,16,POINT (698061.5783335255 5710077.787349085),3437,3,274,211577,0.001295036795114781
"Finsbury Library , Finsbury",51.526717,-0.104298,29,POINT (700861.8038857598 5712375.748676844),986,1,501,211577,0.002367932242162428
"Roscoe Street, St. Luke's",51.522954,-0.094934,18,POINT (701527.8383824888 5711983.131572056),1026,1,526,211577,0.0024860925336874992
"Grafton Street, Mayfair",51.509992,-0.143495,18,POINT (698216.0289577442 5710409.2982946765),3431,3,231,211577,0.0010918010936916583
"Golden Lane, Barbican",51.521747,-0.094475,27,POINT (701565.0056498937 5711850.200297283),967,1,504,211577,0.0023821114771454366
"Finsbury Circus, Liverpool Street",51.517075,-0.086685,33,POINT (702126.0100996032 5711352.258191065),984,1,1253,211577,0.005922193811236571
"Paddington Street, Marylebone",51.520583,-0.154701,16,POINT (697392.76493727 5711556.530966281),1033,0,598,211577,0.0028263941732797043
"Guilford Street , Bloomsbury",51.523346,-0.120202,32,POINT (699773.5855847336 5711957.394637886),974,0,864,211577,0.004083619675106462
"New Inn Yard, Shoreditch",51.524526,-0.079248,20,POINT (702608.8015210904 5712201.246458163),1032,1,510,211577,0.0024104699471114537
"Great Dover Street, The Borough",51.497382,-0.089446,33,POINT (702021.6171476815 5709155.140769568),1017,2,969,211577,0.004579892899511761
"Cotton Garden Estate, Kennington",51.490757,-0.106323,24,POINT (700879.5442850459 5708372.09889388),990,2,388,211577,0.0018338477244691058
"Murray Grove , Hoxton",51.53089,-0.089782,27,POINT (701850.0523170141 5712879.676281598),989,1,535,211577,0.0025286302386365246
"William IV Street, Strand",51.509462,-0.124749,26,POINT (699518.9060619209 5710401.33233581),1028,0,1038,211577,0.004906015304120958
"Gower Place , Euston",51.525227,-0.135188,17,POINT (698725.9991034348 5712125.702721322),969,0,569,211577,0.0026893282351106215
"Holborn Circus, Holborn",51.51795,-0.108657,40,POINT (700598.0375795757 5711389.054823046),982,1,1160,211577,0.005482637526763306
"Hatton Garden, Holborn",51.518825,-0.108028,28,POINT (700637.821377374 5711488.064081278),985,1,822,211577,0.0038851103853443426
"Theobald's Road , Holborn",51.520596,-0.116688,26,POINT (700029.3631982289 5711661.24809496),975,0,832,211577,0.003932374501954371
"Euston Road, Euston",51.526236,-0.134407,24,POINT (698775.7689970618 5712240.008187766),983,0,449,211577,0.0021221588357902797
"Calshot Street , King's Cross",51.53136,-0.117069,24,POINT (699955.7530467254 5712856.970114164),1066,0,228,211577,0.0010776218587086497
"Newgate Street , St. Paul's",51.515418,-0.09885,34,POINT (701289.4727155503 5711134.4843212925),1074,1,1074,211577,0.005076166123917061
"Farringdon Lane, Clerkenwell",51.52352,-0.10834,16,POINT (700595.5384856656 5712009.206930471),3432,1,458,211577,0.002164696540739305
"Old Street Station, St. Luke's",51.525615,-0.088532,34,POINT (701960.0868601868 5712296.6448682),1064,1,1229,211577,0.005808759931372503
"Torrens Street, Angel",51.532199,-0.10548,19,POINT (700755.7017089645 5712982.002092579),1060,1,189,211577,0.0008932918039295387
"Longford Street, The Regent's Park",51.525595,-0.144083,21,POINT (698107.4891199076 5712142.486655317),976,0,230,211577,0.0010870746820306554
"Russell Square Station, Bloomsbury",51.523418,-0.124121,26,POINT (699501.4585442204 5711954.702697668),978,0,783,211577,0.0037007803305652317
"Sadlers Sports Centre, Finsbury",51.524868,-0.099489,17,POINT (701203.4727373193 5712183.392274016),3433,1,702,211577,0.003317940986024001
"Arundel Street, Temple",51.511726,-0.113855,18,POINT (700264.7838794502 5710682.816404603),3455,2,396,211577,0.0018716590177571286
"Webber Street , Southwark",51.500693,-0.102091,45,POINT (701129.5123873923 5709488.4230754385),3448,2,824,211577,0.0038945632086663483
"Great Titchfield Street, Fitzrovia",51.520253,-0.141327,19,POINT (698321.847951865 5711556.018079278),3450,0,457,211577,0.0021599701290783025
"Panton Street, West End",51.509639,-0.13151,21,POINT (699049.0644819308 5710402.59342439),3452,3,554,211577,0.002618432060195579
"Breams Buildings, Holborn",51.515937,-0.111778,25,POINT (700390.3865247396 5711156.691134849),3449,1,579,211577,0.0027365923517206504
"Tanner Street, Bermondsey",51.500647,-0.0786,41,POINT (702759.794276841 5709548.149848734),994,2,730,211577,0.0034502805125320806
"Sancroft Street, Vauxhall",51.489479,-0.115156,24,POINT (700272.0753658137 5708205.796742623),3434,2,189,211577,0.0008932918039295387
"Bayley Street , Bloomsbury",51.518587,-0.132053,25,POINT (698972.3794746381 5711395.974766878),1006,0,773,211577,0.0036535162139552033
"Tavistock Place, Bloomsbury",51.52625,-0.123509,19,POINT (699531.5193631442 5712271.240219196),3439,0,518,211577,0.0024482812403994764
"Harrington Square 1, Camden Town",51.533019,-0.139174,27,POINT (698415.6554384434 5712981.214701163),1038,0,579,211577,0.0027365923517206504
"Walnut Tree Walk, Vauxhall",51.493686,-0.111014,20,POINT (700541.0962570903 5708684.881665021),1076,2,495,211577,0.0023395737721964107
"Borough Road, Elephant & Castle",51.498898,-0.10044,41,POINT (701251.9889492306 5709293.392625363),1082,2,442,211577,0.0020890739541632596
"Cloudesley Road, Angel",51.534408,-0.109025,37,POINT (700500.1666508615 5713217.877443359),2586,0,517,211577,0.0024435548287384734
"Bricklayers Arms, Borough",51.495061,-0.085814,28,POINT (702283.9456401997 5708907.124622811),1070,2,875,211577,0.004135610203377494
"Aldersgate Street, Barbican",51.520841,-0.09734,15,POINT (701370.28869462 5711741.5781393135),1065,1,1254,211577,0.005926920222897574
"Falkirk Street, Hoxton",51.53095,-0.078505,26,POINT (702631.795360232 5712917.5333549045),1047,1,421,211577,0.0019898193092822
"Hampstead Road, Euston",51.525542,-0.138231,54,POINT (698513.581574933 5712152.46139748),972,0,808,211577,0.0038189406220903027
"Old Quebec Street, Marylebone",51.514577,-0.158264,16,POINT (697171.574640956 5710879.157249407),1085,0,735,211577,0.0034739125708370946
"Albert Embankment, Vauxhall",51.490435,-0.122806,24,POINT (699736.9161094319 5708291.176671244),1059,3,309,211577,0.0014604612032498806
"Queen Street 1, Bank",51.511553,-0.09294,22,POINT (701716.5259471744 5710721.048348314),999,2,1184,211577,0.005596071406627374
"Jewry Street, Aldgate",51.513406,-0.076793,17,POINT (702828.4891520398 5710971.71664447),1045,1,352,211577,0.0016636969046730033
"Crosswall, Tower",51.511594,-0.077121,34,POINT (702813.7865835119 5710769.347230517),991,2,1202,211577,0.005681146816525426
"Woodstock Street, Mayfair",51.514105,-0.147301,21,POINT (697934.1392369713 5710856.286341023),1042,3,234,211577,0.0011059803286746668
"Finsbury Leisure Centre, St. Luke's",51.526008,-0.096317,20,POINT (701418.433361303 5712318.870363641),1049,1,1191,211577,0.005629156288254394
"Abbey Orchard Street, Westminster",51.498125,-0.132102,29,POINT (699058.1843214651 5709120.832141998),3429,3,498,211577,0.0023537530071794195
"Park Lane , Hyde Park",51.510017,-0.157275,28,POINT (697259.8885787417 5710374.830105422),1037,3,301,211577,0.0014226499099618578
"Park Road (Baker Street), The Regent's Park",51.524517,-0.158963,22,POINT (697080.1503651306 5711982.4314466),1050,0,629,211577,0.0029729129347707928
"Braham Street, Aldgate",51.514233,-0.073537,34,POINT (703050.6851769448 5711072.6966822855),1062,1,849,211577,0.00401272350019142
"Little Argyll Street, West End",51.514499,-0.141423,21,POINT (698340.1951531571 5710916.013728848),995,0,892,211577,0.004215959201614542
"Lollard Street, Vauxhall",51.49288,-0.114934,25,POINT (700272.5722943861 5708584.532771733),998,2,719,211577,0.003398289984261049
"Rochester Row, Westminster",51.495827,-0.135478,13,POINT (698833.9078233389 5708856.156236973),3457,3,336,211577,0.0015880743180969577
"Bath Street, St. Luke's",51.525893,-0.090847,18,POINT (701798.3034905228 5712321.163180962),964,1,1128,211577,0.005331392353611215
"The Guildhall, Guildhall",51.515735,-0.09308,17,POINT (701688.3323643523 5711185.62280208),1044,1,442,211577,0.0020890739541632596
"Baker Street, Marylebone",51.518913,-0.156166,22,POINT (697298.3696398009 5711366.903031797),1086,0,546,211577,0.002580620766907556
"Norton Folgate, Liverpool Street",51.521113,-0.078869,23,POINT (702650.2455996855 5711822.835067925),1068,1,459,211577,0.002169422952400308
"St. John Street, Finsbury",51.52836,-0.104724,18,POINT (700825.0268352113 5712557.2505305745),992,0,462,211577,0.0021836021873833165
"Borough High Street, The Borough",51.500694,-0.094524,21,POINT (701654.5948996162 5709509.363867625),996,2,504,211577,0.0023821114771454366
"Museum of London, Barbican",51.517821,-0.096496,52,POINT (701442.1607129959 5711408.133927811),1043,1,1015,211577,0.004797307835917893
"Wood Street, Guildhall",51.517008,-0.093885,17,POINT (701626.8662450428 5711324.937425717),1063,1,403,211577,0.0019047438993841485
"Tower Gardens , Tower",51.509506,-0.075459,24,POINT (702938.3703679261 5710541.810757227),1071,2,446,211577,0.002107979600807271
"Eversholt Street , Camden Town",51.533005,-0.136792,16,POINT (698580.8915070909 5712986.123613737),1005,0,487,211577,0.002301762478908388
"Bethnal Green Road, Shoreditch",51.523648,-0.074754,38,POINT (702924.3885539544 5712116.088579415),973,1,957,211577,0.004523175959579727
"Clerkenwell Green, Clerkenwell",51.52326,-0.104708,21,POINT (700848.5878878077 5711990.26726694),1053,1,830,211577,0.003922921678632366
"Queen Victoria Street, St. Paul's",51.511961,-0.097441,32,POINT (701402.4682499698 5710754.008276301),1048,1,489,211577,0.0023112153022303936
"Green Street, Mayfair",51.512276,-0.157436,19,POINT (697238.9573082533 5710625.557819372),3464,3,365,211577,0.0017251402562660403
"Lambeth Road, Vauxhall",51.494881,-0.117974,18,POINT (700052.8200848529 5708798.690926557),1078,2,444,211577,0.0020985267774852653
"Finsbury Square , Moorgate",51.520962,-0.085634,33,POINT (702181.6916336799 5711787.324658935),1056,1,589,211577,0.002783856468330679
"Chapel Place, Marylebone",51.515308,-0.147203,29,POINT (697935.7204122903 5710990.304164591),1003,0,508,211577,0.002401017123789448
"Pont Street, Knightsbridge",51.496886,-0.161203,24,POINT (697044.0294389273 5708904.305299727),1114,3,314,211577,0.0014840932615548948
"Kennington Cross, Kennington",51.48894,-0.111435,47,POINT (700532.7121863773 5708156.060665623),1093,2,809,211577,0.0038236670337513058
"Portugal Street, Holborn",51.514943,-0.116146,16,POINT (700091.7418996827 5711034.218973272),3456,2,537,211577,0.0025380830619585303
"Tachbrook Street, Victoria",51.492111,-0.138364,16,POINT (698649.7816713944 5708435.164853748),965,3,511,211577,0.0024151963587724563
"Holy Trinity Brompton, Knightsbridge",51.497056,-0.168917,28,POINT (696507.9587419257 5708902.460507984),1002,3,291,211577,0.0013753857933518293
"Hampton Street, Walworth",51.49217,-0.101536,21,POINT (701205.5708524947 5708542.35061525),1118,2,460,211577,0.002174149364061311
"Waterloo Station 3, Waterloo",51.503791,-0.112824,35,POINT (700371.1346097592 5709803.412460054),1072,1,4659,211577,0.022020351928612278
"New Kent Road, The Borough",51.494436,-0.092921,33,POINT (701793.480279926 5708818.011829386),966,2,510,211577,0.0024104699471114537
"Guildhouse Street, Victoria",51.492345,-0.141334,16,POINT (698442.6312718417 5708453.122597734),3478,3,220,211577,0.001039810565420627
"Southampton Place, Holborn",51.517606,-0.121328,20,POINT (699720.6108157118 5711316.134458206),1123,0,556,211577,0.0026278848835175847
"Sloane Avenue, Knightsbridge",51.493184,-0.167894,27,POINT (696595.619012146 5708474.708891229),3461,3,259,211577,0.0012241406201997382
"Seville Street, Knightsbridge",51.501855,-0.159237,27,POINT (697159.0121749275 5709462.068099589),1177,3,311,211577,0.0014699140265718863
"Eccleston Place, Victoria",51.49395,-0.147624,19,POINT (697999.1160828781 5708614.530400084),3465,3,587,211577,0.002774403645008673
"Porchester Place, Paddington",51.514746,-0.165164,18,POINT (696692.1834554379 5710879.371178693),3477,0,475,211577,0.0022450455389763538
"Hardwick Street, Clerkenwell",51.527842,-0.108068,30,POINT (700595.3992430664 5712490.481038712),1057,2,375,211577,0.0017724043728760688
"Waterloo Road, South Bank",51.50486,-0.113001,15,POINT (700354.1619836745 5709921.780918404),1176,2,456,211577,0.0021552437174172994
"Worship Street, Shoreditch",51.521668,-0.079608,51,POINT (702596.5240019922 5711882.493338758),997,1,692,211577,0.0032706768694139724
"Ashley Place, Victoria",51.49616,-0.140947,25,POINT (698452.9142005045 5708878.332119274),1122,3,524,211577,0.0024766397103654935
"Warwick Square, Pimlico",51.489856,-0.141923,19,POINT (698412.5626726621 5708174.793076584),3460,3,580,211577,0.002741318763381653
"North Audley Street, Mayfair",51.512911,-0.153645,17,POINT (697499.2097429214 5710706.387267728),1126,3,297,211577,0.0014037442633178464
"Belgrave Square, Belgravia",51.499412,-0.152317,21,POINT (697649.769804957 5709209.120039323),3473,3,258,211577,0.0012194142085387354
"Bell Street , Marylebone",51.522029,-0.165842,18,POINT (696613.7691852789 5711687.29439667),1166,0,509,211577,0.0024057435354504506
"Portland Place, Marylebone",51.520715,-0.145211,34,POINT (698050.4386361018 5711596.8605049485),1164,0,596,211577,0.0028169413499576986
"Nutford Place, Marylebone",51.516517,-0.164393,18,POINT (696738.0342662818 5711078.349632727),1112,0,107,211577,0.0005057260477273049
"Claremont Square, Angel",51.531666,-0.109914,18,POINT (700450.5733692813 5712910.579283794),1104,1,358,211577,0.0016920553746390204
"Rampayne Street, Pimlico",51.489975,-0.132845,21,POINT (699042.1364899756 5708212.677901914),1106,3,547,211577,0.002585347178568559
"Hyde Park Corner, Hyde Park",51.503117,-0.15352,36,POINT (697550.2588241849 5709617.80216424),1075,3,928,211577,0.0043861100214106444
"Bankside Mix, Bankside",51.505817,-0.100186,60,POINT (701239.1183860234 5710063.355235913),963,2,554,211577,0.002618432060195579
"Hop Exchange, The Borough",51.504627,-0.091773,56,POINT (701828.1054024887 5709954.22561128),960,2,1333,211577,0.006300306744116799
"Milroy Walk, South Bank",51.507244,-0.106237,30,POINT (700812.9990436445 5710205.383663368),959,2,444,211577,0.0020985267774852653
"Union Street, The Borough",51.503688,-0.098497,17,POINT (701365.6975495903 5709831.297550218),961,2,504,211577,0.0023821114771454366
"Stamford Street, South Bank",51.505569,-0.111606,27,POINT (700447.8419663649 5710004.430050333),962,2,573,211577,0.0027082338817546333
"Great Tower Street, Monument",51.510484,-0.082989,24,POINT (702411.6171448953 5710629.683112142),1080,2,742,211577,0.0035069974524641148
"Dorset Square, Marylebone",51.522596,-0.161113,16,POINT (696939.3258867175 5711763.057755013),1162,0,741,211577,0.0035022710408031117
"Leman Street, Aldgate",51.512363,-0.069542,37,POINT (703336.1520216146 5710875.885859975),1102,2,517,211577,0.0024435548287384734
"West Smithfield Rotunda, Farringdon",51.518218,-0.100791,15,POINT (701142.4854662002 5711440.453220594),1040,1,762,211577,0.0036015256856841717
"Margery Street, Clerkenwell",51.526599,-0.112432,19,POINT (700298.2109869017 5712340.321191939),3468,0,360,211577,0.001701508197961026
"Grosvenor Crescent, Belgravia",51.501352,-0.153194,18,POINT (697580.5167388308 5709422.445313127),1169,3,108,211577,0.0005104524593883078
"Mallory Street, Marylebone",51.525051,-0.166304,20,POINT (696568.7049591888 5712022.047996931),1175,0,249,211577,0.0011768765035897097
"Denyer Street, Knightsbridge",51.493583,-0.165101,30,POINT (696787.7454808357 5708526.578618364),3454,3,219,211577,0.001035084153759624
"Hinde Street, Marylebone",51.516814,-0.151926,21,POINT (697601.5645267196 5711144.97576975),3476,0,504,211577,0.0023821114771454366
"Cadogan Place, Knightsbridge",51.494645,-0.158105,34,POINT (697268.7046581212 5708663.492817283),3469,3,179,211577,0.0008460276873195102
"Wellington Arch, Hyde Park",51.50274,-0.149569,36,POINT (697826.0470843634 5709586.562289312),1109,3,380,211577,0.001796036431181083
"Endsleigh Gardens, Euston",51.526838,-0.130504,32,POINT (699043.828334721 5712317.554971556),1079,0,1015,211577,0.004797307835917893
"Moorfields, Moorgate",51.519069,-0.088285,54,POINT (702006.1965511078 5711569.533593395),1092,1,1294,211577,0.006115976689337688
"Wormwood Street, Liverpool Street",51.516154,-0.082422,16,POINT (702425.8049719272 5711261.649177447),2587,2,2290,211577,0.010823482703696527
"Chelsea Green, Chelsea",51.490664,-0.166485,15,POINT (696704.2608722919 5708198.315158906),1179,3,193,211577,0.00091219745057355
"Knightsbridge, Hyde Park",51.502757,-0.155349,43,POINT (697424.9033214339 5709572.839350017),1101,3,142,211577,0.0006711504558624047
"Rodney Road , Walworth",51.491484,-0.09022,24,POINT (701993.9872298744 5708497.258144854),3481,2,356,211577,0.0016826025513170147
"Charles II Street, West End",51.508446,-0.131961,24,POINT (699022.9759300154 5710268.726043618),3488,3,337,211577,0.0015928007297579606
"Great Percy Street, Clerkenwell",51.528915,-0.11548,23,POINT (700076.6667236653 5712589.475706226),3470,0,565,211577,0.00267042258846661
"St. James's Square, St. James's",51.507424,-0.134621,40,POINT (698842.8755815497 5710147.864497575),1067,3,968,211577,0.004575166487850759
"Whitehall Place, Strand",51.506543,-0.123179,46,POINT (699640.5955244343 5710081.0753674535),1151,3,790,211577,0.0037338652121922515
"Poured Lines, Bankside",51.506692,-0.103137,31,POINT (701030.5133750299 5710152.525584832),1144,2,283,211577,0.0013375745000638066
"Carey Street, Holborn",51.51501,-0.112753,16,POINT (700326.8209982925 5711050.954953334),1139,2,416,211577,0.0019661872509771855
"Kennington Road, Vauxhall",51.495718,-0.110889,36,POINT (700540.8492146147 5708911.14507304),1154,2,488,211577,0.002306488890569391
"Fashion Street, Whitechapel",51.51838,-0.073438,30,POINT (703039.1018201876 5711534.038994044),3483,1,320,211577,0.001512451731520912
"Warren Street Station, Euston",51.524438,-0.138019,26,POINT (698533.0887587536 5712030.291326325),1090,0,1405,211577,0.006640608383709004
"Colombo Street, Southwark",51.505459,-0.105692,14,POINT (700858.6653365103 5710008.4207729325),3472,2,22,211577,0.0001039810565420627
"Beaumont Street, Marylebone",51.522008,-0.151359,23,POINT (697618.4016948504 5711723.990769424),3482,0,561,211577,0.0026515169418225987
"Gloucester Street, Pimlico",51.490962,-0.139625,25,POINT (698567.2562924501 5708303.993988025),1103,3,504,211577,0.0023821114771454366
"Earnshaw Street , Covent Garden",51.516118,-0.128585,18,POINT (699223.7150822477 5711130.905426807),1145,0,636,211577,0.0030059978163978125
"Berry Street, Clerkenwell",51.522853,-0.099994,41,POINT (701177.3332471119 5711957.972055708),1159,1,750,211577,0.0035448087457521375
"St. John's Wood Church, The Regent's Park",51.530529,-0.167515,50,POINT (696461.1229211341 5712627.855651676),1091,0,226,211577,0.001068169035386644
"Triangle Car Park, Hyde Park",51.506451,-0.170279,27,POINT (696373.0306084738 5709943.366742465),1088,3,385,211577,0.0018196684894860973
"Harper Road, The Borough",51.498597,-0.096191,42,POINT (701548.1743269765 5709271.623394633),1137,2,308,211577,0.0014557347915888778
"Royal Avenue 1, Chelsea",51.489932,-0.162727,10,POINT (696968.2518235156 5708127.038331327),3440,3,96,211577,0.0004537355194562736
"Brushfield Street, Liverpool Street",51.518908,-0.079249,34,POINT (702633.6802803889 5711576.627826137),1161,1,1238,211577,0.0058512976363215286
"Chadwell Street, Angel",51.530515,-0.106408,18,POINT (700698.7602220923 5712792.2246193625),3471,1,674,211577,0.003185601459515921
"Houghton Street, Strand",51.51362,-0.116764,15,POINT (700054.6700387071 5710885.434993641),3484,2,489,211577,0.0023112153022303936
"Westminster University, Marylebone",51.522481,-0.154907,16,POINT (697370.2663804777 5711767.000095913),1194,0,295,211577,0.0013942914399958407
"Bourne Street, Belgravia",51.490959,-0.153233,16,POINT (697622.7766833804 5708266.820844916),1180,3,236,211577,0.0011154331519966725
"LSBU (Borough Road), Elephant & Castle",51.498744,-0.103132,35,POINT (701065.8570929484 5709268.869235024),1095,2,321,211577,0.0015171781431819148
"St. Mary Axe, Aldgate",51.514225,-0.08066,21,POINT (702556.592537762 5711052.058492201),1184,1,465,211577,0.0021977814223663253
"Tysoe Street, Clerkenwell",51.526443,-0.109256,20,POINT (700519.160004088 5712331.67972695),1146,1,626,211577,0.002958733699787784
"Southwick Street, Paddington",51.515953,-0.169249,17,POINT (696403.6077343179 5711002.592936154),3490,0,317,211577,0.0014982724965379034
"Regency Street, Westminster",51.49206,-0.132224,22,POINT (699076.1522235565 5708446.181571564),1155,3,559,211577,0.002642064118500593
"Belgrave Road, Victoria",51.493204,-0.144132,29,POINT (698244.7078195581 5708541.043619122),1087,3,350,211577,0.0016542440813509976
"Empire Square, The Borough",51.500823,-0.08974,46,POINT (701985.9937061057 5709536.903162603),1209,2,710,211577,0.0033557522793120236
"Baylis Road, Waterloo",51.501444,-0.110699,22,POINT (700528.8896517177 5709548.29140042),1133,2,1169,211577,0.005525175231712332
"Belvedere Road 1, South Bank",51.506133,-0.114686,38,POINT (700231.6641706203 5710058.702000133),1186,1,473,211577,0.002235592715654348
"Barbican Centre, Barbican",51.520044,-0.092176,19,POINT (701731.9923194681 5711667.196516773),1191,1,611,211577,0.0028878375248727415
"Lower Thames Street, Monument",51.509301,-0.084985,24,POINT (702278.383671973 5710492.634741691),1098,2,219,211577,0.001035084153759624
"Tooley Street, Bermondsey",51.503493,-0.07962,27,POINT (702676.3816705614 5709861.744373421),1142,2,1056,211577,0.00499109071401901
"Royal Avenue 2, Chelsea",51.490083,-0.162418,10,POINT (696989.0480384491 5708144.658691603),3462,3,175,211577,0.0008271220406754988
"Smith Square, Westminster",51.495805,-0.127575,18,POINT (699382.4685252494 5708875.216264577),3480,3,565,211577,0.00267042258846661
"Kingsway, Covent Garden",51.514409,-0.118478,16,POINT (699932.309677859 5710968.471359404),1141,0,214,211577,0.0010114520954546099
"Lambeth North Station, Waterloo",51.49914,-0.112031,20,POINT (700446.5746796948 5709288.478944284),1117,2,420,211577,0.001985092897621197
"Bedford Way, Bloomsbury",51.523673,-0.128377,23,POINT (699205.159711735 5711971.453795089),1156,0,406,211577,0.001918923134367157
"Elizabeth Bridge, Victoria",51.492369,-0.147478,34,POINT (698016.102754892 5708439.146307175),1138,3,317,211577,0.0014982724965379034
"South Audley Street, Mayfair",51.50923,-0.151289,15,POINT (697678.5948936294 5710303.487586675),3493,3,176,211577,0.0008318484523365016
"St Mary's Hospital, Paddington",51.518268,-0.171103,20,POINT (696265.0407447156 5711255.00555524),3496,0,508,211577,0.002401017123789448
"Montpelier Street, Knightsbridge",51.498884,-0.165471,16,POINT (696739.2296592321 5709114.963151789),1206,3,342,211577,0.0016164327880629748
"Swan Street, The Borough",51.500296,-0.092762,27,POINT (701778.6216513645 5709469.971805068),1216,2,554,211577,0.002618432060195579
"Geraldine Street, Elephant & Castle",51.496127,-0.106,17,POINT (700878.3439261065 5708970.029642194),3498,2,221,211577,0.0010445369770816298
"Curlew Street, Shad Thames",51.502279,-0.074189,21,POINT (703058.6221852902 5709741.830804684),1213,2,884,211577,0.004178147908326519
"Vincent Square, Westminster",51.493985,-0.136928,19,POINT (698741.2935086746 5708647.419490149),1196,3,213,211577,0.001006725683793607
"Marylebone Lane, Marylebone",51.514759,-0.148105,24,POINT (697875.5287661741 5710926.824546779),1152,0,476,211577,0.0022497719506373564
"Albert Gate, Hyde Park",51.502953,-0.158456,34,POINT (697208.4640703334 5709586.251576245),1132,3,718,211577,0.0033935635726000464
"Rathbone Street, Fitzrovia",51.518162,-0.135025,16,POINT (698768.0780099899 5711340.641871662),3497,0,502,211577,0.002372658653823431
"Long Lane , Bermondsey",51.499075,-0.085666,20,POINT (702276.4370427174 5709353.81423196),1189,2,571,211577,0.002698781058432627
"Embankment (Savoy), Strand",51.509631,-0.119047,41,POINT (699913.7631274319 5710435.689069264),1192,3,229,211577,0.0010823482703696526
"Black Prince Road, Vauxhall",51.490867,-0.116911,19,POINT (700144.1810747804 5708355.314895638),1205,2,517,211577,0.0024435548287384734
"Foley Street, Fitzrovia",51.519181,-0.140485,24,POINT (698384.9116155463 5711439.11377541),3494,0,639,211577,0.0030201770513808212
"Wells Street, Fitzrovia",51.517344,-0.138072,38,POINT (698560.2800223067 5711241.419025182),3495,0,799,211577,0.0037764029171412773
"Tyers Gate, Bermondsey",51.500889,-0.083159,36,POINT (702442.3654329994 5709562.430660647),3485,2,510,211577,0.0024104699471114537
"The Tennis Courts, The Regent's Park",51.525367,-0.153463,16,POINT (697457.9308329399 5712091.771370863),1199,0,233,211577,0.001101253917013664
"Warwick Row, Westminster",51.497998,-0.14296,21,POINT (698305.2325389134 5709077.227141427),968,3,711,211577,0.0033604786909730263
"Dickens Square, Borough",51.496791,-0.093913,32,POINT (701714.2327554243 5709077.107989187),1208,2,346,211577,0.0016353384347069862
"Sackville Street, Mayfair",51.510048,-0.138846,18,POINT (698538.3243180409 5710428.131572438),1197,0,457,211577,0.0021599701290783025
"Baldwin Street, St. Luke's",51.527025,-0.088542,21,POINT (701953.1514140401 5712453.38310053),3500,1,751,211577,0.00354953515741314
"Queen Mother Sports Centre, Victoria",51.493573,-0.139956,26,POINT (698532.9337103763 5708593.392280496),1148,3,442,211577,0.0020890739541632596
"Bermondsey Street, Bermondsey",51.497855,-0.081608,24,POINT (702563.4492599255 5709229.400636813),2637,2,792,211577,0.003743318035514257
"Palissy Street, Shoreditch",51.526293,-0.073955,26,POINT (702968.0367100543 5712412.379771171),3502,1,390,211577,0.0018433005477911115
"Clifton Street, Shoreditch",51.523196,-0.083067,24,POINT (702349.8327273645 5712042.802638378),3501,1,310,211577,0.0014651876149108835
"Ontario Street, Elephant & Castle",51.49652,-0.101384,15,POINT (701196.9570311696 5709026.407178416),1200,2,484,211577,0.0022875832439253796
"St. Martin's Street, West End",51.509087,-0.129697,18,POINT (699177.2562308022 5710346.1555585805),1158,3,188,211577,0.0008885653922685358
"Graham Street, Angel",51.532661,-0.099981,26,POINT (701134.9859140397 5713048.478187342),1131,1,743,211577,0.0035117238641251174
"New North Road 2, Hoxton",51.53114,-0.086016,22,POINT (702110.1000406959 5712917.8729747),2641,1,369,211577,0.0017440459029100517
"Bunhill Row, Moorgate",51.520858,-0.089887,30,POINT (701887.1607355529 5711764.013916652),1211,1,1033,211577,0.004882383245815944
"Concert Hall Approach 1, South Bank",51.505044,-0.115851,10,POINT (700155.606444915 5709934.437082032),2635,2,322,211577,0.0015219045548429176
"Tavistock Street, Covent Garden",51.511968,-0.120718,33,POINT (699787.6028955439 5710690.956093153),1207,0,658,211577,0.003109978872939875
"Concert Hall Approach 2, South Bank",51.504942,-0.115533,18,POINT (700178.1181915462 5709923.966618742),1212,1,412,211577,0.0019472816043331741
"Wellington Street , Strand",51.511756,-0.119643,24,POINT (699863.109118208 5710670.322067618),1202,2,880,211577,0.004159242261682508
"Risinghill Street, Angel",51.533319,-0.111781,25,POINT (700313.8469744683 5713089.247461584),1127,0,226,211577,0.001068169035386644
"Bank of England Museum, Bank",51.514441,-0.087587,16,POINT (702075.1039451705 5711056.914529928),1201,1,798,211577,0.0037716765054802742
"Craven Street, Strand",51.508103,-0.126021,23,POINT (699436.5934784916 5710246.767487884),1160,3,972,211577,0.004594072134494771
"Goswell Road (City Uni), Finsbury",51.528246,-0.101026,17,POINT (701081.9843391203 5712554.736951834),1222,1,14,211577,6.61697632540399e-05
"Lower Marsh, Waterloo",51.500139,-0.113936,17,POINT (700309.9964152314 5709394.3320089225),1219,2,499,211577,0.002358479418840422
"Grosvenor Square, Mayfair",51.51217,-0.150481,17,POINT (697721.9183971774 5710632.548091174),10627,3,359,211577,0.0016967817863000232
"St. George Street, Mayfair",51.51196,-0.142783,18,POINT (698256.8784178469 5710630.034773718),1221,3,347,211577,0.001640064846367989
"Macclesfield Rd, St Lukes",51.529423,-0.097122,28,POINT (701347.530573712 5712696.339062954),1226,1,1101,211577,0.005203779238764138
"Greycoat Street , Westminster",51.494591,-0.134234,17,POINT (698925.6242408394 5708722.116563433),10623,3,156,211577,0.0007373202191164446
"Northumberland Avenue, Strand",51.506767,-0.123702,37,POINT (699603.328780533 5710104.553017837),1097,3,289,211577,0.0013659329700298237
"Howland Street, Fitzrovia",51.520994,-0.139016,30,POINT (698478.9215536857 5711644.672899664),2691,0,806,211577,0.003809487798768297
"High Holborn , Covent Garden",51.516226,-0.124826,20,POINT (699483.9996090948 5711153.157806039),1229,0,803,211577,0.0037953085637852887
"Butler Place, Westminster",51.497829,-0.13544,18,POINT (698827.8289020646 5709078.846000216),2662,3,428,211577,0.0020229041909092197
"Howick Place, Westminster",51.496753,-0.138733,27,POINT (698603.9851784738 5708950.270472279),2666,3,611,211577,0.0028878375248727415
"Waterloo Station 2, Waterloo",51.503919,-0.113426,48,POINT (700328.8019102656 5709815.995108536),2692,1,2360,211577,0.011154331519966726
"Store Street, Bloomsbury",51.519572,-0.13214,32,POINT (698962.0500481067 5711505.252687159),3507,0,743,211577,0.0035117238641251174
"City Road, Angel",51.530344,-0.100168,47,POINT (701132.2355936889 5712790.355687371),2690,1,393,211577,0.00185747978277412
"Millennium Hotel, Mayfair",51.510919,-0.151126,27,POINT (697682.5892949575 5710491.715465748),1230,3,161,211577,0.0007609522774214588
"Harrowby Street, Marylebone",51.517372,-0.164207,16,POINT (696747.2507808659 5711173.911362118),2680,0,483,211577,0.0022828568322643765
"Harriet Street, Knightsbridge",51.500241,-0.15934,25,POINT (697158.8335180253 5709282.341746918),2681,3,286,211577,0.001351753735046815
"King Edward Walk, Waterloo",51.49775,-0.10988,22,POINT (700601.9475052847 5709139.831892676),2639,2,159,211577,0.0007514994540994531
"Waterloo Station 1, Waterloo",51.504027,-0.113864,36,POINT (700297.9366144529 5709826.8034642935),2696,1,2984,211577,0.014103612396432505
"Millbank Tower, Pimlico",51.491884,-0.125674,24,POINT (699531.525412826 5708444.454331138),2683,3,383,211577,0.0018102156661640916
"Waterloo Bridge, South Bank",51.505354,-0.113656,15,POINT (700306.547090664 5709974.911073448),2648,0,194,211577,0.0009169238622345529
"Stanhope Gate, Mayfair",51.506864,-0.150666,21,POINT (697732.0659247618 5710042.1132977335),3506,3,204,211577,0.0009641879788445814
"Charlotte Street, Fitzrovia",51.51953,-0.135777,14,POINT (698709.9580700608 5711490.696136245),2669,0,405,211577,0.0019141967227061542
"Farm Street, Mayfair",51.509351,-0.147449,15,POINT (697944.4871125876 5710327.324074982),2678,3,165,211577,0.0007798579240654702
"Fire Brigade Pier, Vauxhall",51.493699,-0.121394,30,POINT (699820.6403990678 5708657.928922616),2703,3,373,211577,0.001762951549554063
"Southampton Street, Strand",51.510701,-0.121723,14,POINT (699723.4248797004 5710547.344197414),1228,3,537,211577,0.0025380830619585303
"Buxton Street 1, Shoreditch",51.521776,-0.068856,41,POINT (703341.7953293375 5711924.338617318),1223,1,161,211577,0.0007609522774214588
"Clifford Street, Mayfair",51.510662,-0.142345,17,POINT (698292.9033437793 5710486.907147115),2688,3,242,211577,0.0011437916219626898
"Snow Hill, Farringdon",51.517334,-0.103604,15,POINT (700951.2541455679 5711334.436793905),2699,1,682,211577,0.003223412752803944
"Cadogan Gardens, Chelsea",51.492462,-0.159919,15,POINT (697152.2323184309 5708415.8922658125),2695,3,349,211577,0.0016495176696899947
"Shouldham Street, Marylebone",51.51809,-0.163609,16,POINT (696785.6362808743 5711255.3493794575),2693,0,502,211577,0.002372658653823431
"Brick Lane Market, Shoreditch",51.522617,-0.071653,24,POINT (703144.0531902127 5712010.06937505),2687,1,249,211577,0.0011768765035897097
"George Street, Marylebone",51.517703,-0.154106,27,POINT (697446.4961956562 5711237.930414013),1225,0,442,211577,0.0020890739541632596
"Columbia Road, Shoreditch",51.528187,-0.075375,24,POINT (702861.1337081576 5712619.0170144485),2701,1,503,211577,0.0023773850654844335
"George Place Mews, Marylebone",51.516892,-0.158249,16,POINT (697162.6140893222 5711136.585945214),10630,0,287,211577,0.001356480146707818
"Sun Street, Liverpool Street",51.520009,-0.083935,24,POINT (702303.7605494669 5711686.0667873),1129,1,756,211577,0.0035731672157181546
"Strata, Elephant & Castle",51.493146,-0.099828,41,POINT (701319.812222693 5708655.561556398),10624,2,782,211577,0.0036960539189042287
"Edgware Road Station, Marylebone",51.519968,-0.169774,64,POINT (696349.9133017033 5711447.5836651195),1058,0,394,211577,0.0018622061944351229
"Southwark Station 2, Southwark",51.504044,-0.104778,45,POINT (700928.3099926754 5709853.608791738),22163,2,844,211577,0.003989091441886405
"Eaton Square (South), Belgravia",51.494561,-0.153933,31,POINT (697558.6118166773 5708665.409604556),22164,3,192,211577,0.0009074710389125472
"Ebury Bridge, Pimlico",51.490491,-0.149186,29,POINT (697905.6952971604 5708225.725208079),22159,3,302,211577,0.0014273763216228607
"Vincent Street, Pimlico",51.493072,-0.129925,17,POINT (699231.3007835702 5708564.954966623),22161,3,486,211577,0.0022970360672473853
"Cheapside, Bank",51.51397,-0.09294,43,POINT (701705.8443718473 5710989.773688612),22180,1,1562,211577,0.007382655014486452
"Crinan Street, King's Cross",51.534474,-0.122203,20,POINT (699586.1071976232 5713189.1669219285),22183,0,171,211577,0.0008082163940314874
"Wren Street, Holborn",51.524564,-0.116279,33,POINT (700040.33467564 5712103.536937161),22169,0,622,211577,0.0029398280531437726
"Kennington Station, Kennington",51.488852,-0.105593,23,POINT (700938.5908196815 5708162.302816168),22170,2,356,211577,0.0016826025513170147
"Red Lion Street, Holborn",51.51824,-0.11655,36,POINT (700049.2634064227 5711399.680773103),22171,0,1022,211577,0.004830392717544913
"Killick Street, King's Cross",51.5338,-0.118677,22,POINT (699833.5552142356 5713123.859345471),200053,0,160,211577,0.000756225865760456
"Sail Street, Vauxhall",51.495656,-0.114605,24,POINT (700283.2327100643 5708894.073367559),200039,2,389,211577,0.0018385741361301086
"St. Katharine's Way, Tower",51.505697,-0.070542,24,POINT (703296.4635742933 5710131.975341608),200049,1,391,211577,0.0018480269594521143
"Granby Street, Shoreditch",51.525645,-0.069543,37,POINT (703276.9066682142 5712352.588098743),22174,1,420,211577,0.001985092897621197
"Bell Lane, Liverpool Street",51.517475,-0.075855,23,POINT (702875.471294764 5711426.713532394),200036,1,580,211577,0.002741318763381653
"Fournier Street, Whitechapel",51.519362,-0.074431,18,POINT (702965.8550954314 5711640.462750973),200157,1,451,211577,0.0021316116591122854
"Fore Street Avenue, Guildhall",51.517842,-0.090075,19,POINT (701887.4640382584 5711428.17194577),200253,1,465,211577,0.0021977814223663253
"Portman Square, Marylebone",51.516204,-0.155525,17,POINT (697354.5472329254 5711067.438014326),200008,0,365,211577,0.0017251402562660403
"Clarges Street, Mayfair",51.507326,-0.145827,16,POINT (698065.805795815 5710106.569705442),200088,3,205,211577,0.0009689143905055842
"Wellington Row, Bethnal Green",51.528222,-0.069743,33,POINT (703251.554073999 5712638.545765805),200165,1,322,211577,0.0015219045548429176
"Hoxton Station, Hoxton",51.531091,-0.075901,22,POINT (702811.74369592 5712940.42834792),200151,1,385,211577,0.0018196684894860973
"Albany Street, The Regent's Park",51.528302,-0.144466,27,POINT (698069.173129901 5712442.420861086),200134,0,492,211577,0.0023253945372134024
"Percival Street, Finsbury",51.526153,-0.102208,22,POINT (701009.2349194228 5712318.784267962),200051,1,638,211577,0.003015450639719818
"New Fetter Lane, Holborn",51.517428,-0.107987,21,POINT (700646.8076157956 5711332.855618714),200044,1,748,211577,0.003535355922430132
"Westminster Bridge Road, Elephant & Castle",51.498386,-0.107913,26,POINT (700735.6544184977 5709215.938203022),200076,2,99,211577,0.00046791475443928214
"Gaywood  Street, Elephant & Castle",51.49605,-0.104193,45,POINT (701004.0863286003 5708966.431320187),200132,2,446,211577,0.002107979600807271
"King Edward Street, St Pauls",51.51601,-0.0985,20,POINT (701311.1406109063 5711201.266988006),200203,1,410,211577,0.0019378287810111684
"Page Street, Westminster",51.493978,-0.127554,24,POINT (699391.9018298261 5708672.144219647),200048,3,809,211577,0.0038236670337513058
"Bury Place, Holborn",51.51742,-0.123189,21,POINT (699592.3336548541 5711290.374855021),200074,0,444,211577,0.0020985267774852653
"Somerset House, Strand",51.509943,-0.117619,41,POINT (700011.4683714542 5710474.281212816),200068,2,266,211577,0.0012572255018267582
"Pitfield Street Central, Hoxton",51.53213,-0.08299,30,POINT (702315.5471798282 5713036.309823118),200248,1,568,211577,0.002684601823449619
"Eagle Wharf Road, Hoxton",51.53356,-0.09315,45,POINT (701604.6941804232 5713167.240571536),200246,1,1274,211577,0.006021448456117631
"Queen Street 2, Bank",51.511246,-0.093051,36,POINT (701710.1819755924 5710686.609594937),200128,2,1162,211577,0.005492090350085312
"New Cavendish Street, Marylebone",51.519167,-0.147983,18,POINT (697864.8796515019 5711417.24760586),200005,0,330,211577,0.0015597158481309404
"Abingdon Green, Westminster",51.49764,-0.125972,20,POINT (699485.7004948586 5709083.60437273),200231,3,418,211577,0.0019756400742991912
"Monument Street, Monument",51.50964,-0.08497,22,POINT (702277.9221447001 5710530.366623218),200101,2,598,211577,0.0028263941732797043
"Hoxton Street, Hoxton",51.52959,-0.0801,27,POINT (702527.2278630007 5712761.908508834),200071,1,292,211577,0.0013801122050128322
"Greenberry Street, St.John's Wood",51.53256,-0.16862,26,POINT (696375.7501421022 5712850.701108419),200236,0,246,211577,0.0011626972686067012
"Northdown Street, King's Cross",51.531066,-0.11934,21,POINT (699799.5577004043 5712818.0756348455),200058,1,290,211577,0.0013706593816908265
"Kingsway Southbound, Strand",51.513875,-0.117774,33,POINT (699983.4867229537 5710911.024641579),200226,2,663,211577,0.0031336109312448896
"Seymour Place, Marylebone",51.520331,-0.163667,29,POINT (696771.9496224415 5711504.354453924),200198,0,486,211577,0.0022970360672473853
"Archbishop's Park, Waterloo",51.498241,-0.117495,23,POINT (700071.3429518521 5709173.571098985),300025,2,220,211577,0.001039810565420627
"Great Suffolk Street, The Borough",51.501732,-0.100292,21,POINT (701249.7687710027 5709608.887667844),200200,2,470,211577,0.0022214134806713393
"Buckingham Gate, Westminster",51.498865,-0.137424,16,POINT (698685.6387006223 5709188.641061321),200178,3,376,211577,0.0017771307845370716
"Blackfriars Station, St. Paul's",51.511934,-0.103078,35,POINT (701011.522699639 5710735.5013135085),200212,1,1066,211577,0.005038354830629038
"Harris Academy, Bermondsey",51.492668,-0.07235,18,POINT (703228.9948502233 5708678.379133785),300004,2,378,211577,0.0017865836078590773
"Chicheley Street, South Bank",51.502698,-0.116747,24,POINT (700103.7187189239 5709671.153663825),200206,3,518,211577,0.0024482812403994764
"St. Bride Street, Holborn",51.515059,-0.105344,25,POINT (700840.5680811899 5711076.719618331),200094,2,694,211577,0.003280129692735978
"Snowsfields, London Bridge",51.502153,-0.083632,31,POINT (702403.9403159893 5709701.654713543),200193,2,666,211577,0.003147790166227898
"Walworth Square, Walworth",51.491327,-0.096518,24,POINT (701557.5633142444 5708462.435435304),300050,2,689,211577,0.0032564976344309636
"Duke Street Hill, London Bridge",51.506304,-0.087262,21,POINT (702133.6787802535 5710153.131014298),300083,2,1552,211577,0.007335390897876423
"Newton Street, Covent Garden",51.516128,-0.120909,24,POINT (699756.144543024 5711152.951555423),300074,0,337,211577,0.0015928007297579606
"Broadley Terrace, Marylebone",51.524561,-0.165668,18,POINT (696614.9266912006 5711969.277762083),300072,0,235,211577,0.0011107067403356697
"Storey's Gate, Westminster",51.500703,-0.129698,21,POINT (699213.7656501522 5709414.002473298),200202,3,737,211577,0.0034833653941591003
"Tallis Street, Temple",51.511891,-0.107349,24,POINT (700715.4125272352 5710718.992834151),300096,2,590,211577,0.0027885828799916815
"Houndsditch, Aldgate",51.514449,-0.077178,28,POINT (702797.1464323034 5711086.610977677),200072,1,435,211577,0.00205598907253624
"Victoria & Albert Museum, South Kensington",51.495898,-0.173009,30,POINT (696228.9566053811 5708762.728753406),300032,3,138,211577,0.0006522448092183933
"Blackfriars Road, Southwark",51.505461,-0.10454,42,POINT (700938.5875158405 5710011.8066652585),300214,2,568,211577,0.002684601823449619
"Cromer Street, Bloomsbury",51.528279,-0.119558,28,POINT (699796.6470480636 5712507.615314662),300205,0,366,211577,0.0017298666679270431
"Euston Square Gardens, Euston",51.527068,-0.131861,30,POINT (698948.7141651544 5712339.434673073),300203,0,403,211577,0.0019047438993841485
"Coram Street, Bloomsbury",51.524,-0.126409,29,POINT (699340.2258278949 5712013.172332775),300201,0,517,211577,0.0024435548287384734
"Ossulston Street, Somers Town",51.5293,-0.128279,30,POINT (699187.386929571 5712597.343710078),300211,0,739,211577,0.003492818217481106
"Birkenhead Street, King's Cross",51.530199,-0.122299,27,POINT (699598.1573415846 5712713.600645142),300212,0,762,211577,0.0036015256856841717
"Kings Gate House, Westminster",51.497698,-0.137598,24,POINT (698678.6410075375 5709058.419013274),300202,3,386,211577,0.0018243949011471
"Lavington Street, Bankside",51.505224,-0.098031,29,POINT (701391.2565175104 5710003.3548496105),300208,2,438,211577,0.002070168307519248
"Southwark Street, Bankside",51.505409,-0.098341,23,POINT (701368.9312567082 5710023.07006454),300238,2,332,211577,0.001569168671452946
"Good's Way, King's Cross",51.534667,-0.125078,27,POINT (699385.9091468374 5713202.78244294),300243,0,594,211577,0.002807488526635693
"Lincoln's Inn Fields, Holborn",51.516277,-0.118272,28,POINT (699938.4164947078 5711176.722316811),300240,0,623,211577,0.0029445544648047757
"Tate Modern, Bankside",51.506725,-0.098807,30,POINT (701330.7944980682 5710168.102189684),300237,2,534,211577,0.002523903826975522
"Lambeth Palace Road, Waterloo",51.500089,-0.116628,35,POINT (700123.4102091623 5709381.406045355),300231,2,897,211577,0.004239591259919556
"Westminster Pier, Westminster",51.501513,-0.123823,27,POINT (699617.9030205474 5709520.073092179),300249,3,792,211577,0.003743318035514257
"Belvedere Road 2, South Bank",51.50621,-0.114842,38,POINT (700220.5026304508 5710066.836031829),300246,2,350,211577,0.0016542440813509976
"Victory Place, Walworth",51.492807,-0.091938,24,POINT (701868.9012705327 5708639.609396043),300239,2,347,211577,0.001640064846367989
"Allington Street, Victoria",51.496863,-0.142943,28,POINT (698311.3408110595 5708951.081375946),300242,3,785,211577,0.0037102331538872374
"Farringdon Street, Holborn",51.516785,-0.104947,25,POINT (700860.5113426552 5711269.709292027),300220,1,703,211577,0.0033226673976850035
"Fore Street, Guildhall",51.518093,-0.091401,25,POINT (701794.375475029 5711452.419381433),300222,1,466,211577,0.002202507834027328
"Sea Containers, South Bank",51.508033,-0.106823,30,POINT (700768.8713383577 5710291.497523788),200144,2,764,211577,0.0036109785090061774
"Tower Wharf, Bermondsey",51.500845,-0.074704,20,POINT (703029.2630292688 5709580.968260148),2667,2,662,211577,0.0031288845195838865
"Temple Gardens, Temple",51.510981,-0.108322,24,POINT (700651.9110976107 5710615.148183223),300250,3,312,211577,0.0014746404382328891
"Crimscott Street, Bermondsey",51.495598,-0.078893,19,POINT (702761.8792273265 5708985.985819713),300061,2,542,211577,0.0025617151202635448
"Brandon Street, Walworth",51.489102,-0.091548,22,POINT (701912.3452214567 5708228.759777041),300060,2,378,211577,0.0017865836078590773
"Strand, Strand",51.512582,-0.115057,35,POINT (700177.6408596024 5710774.6980508175),1100,2,919,211577,0.0043435723164616195
"Waterloo Place, St. James's",51.506633,-0.131773,20,POINT (699043.9239955844 5710067.664305961),3458,3,368,211577,0.0017393194912490488
"Horseferry Road, Westminster",51.494816,-0.130458,16,POINT (699186.7028334276 5708757.405095611),1170,3,591,211577,0.0027933092916526845
"Broadwick Street, Soho",51.513684,-0.13558,18,POINT (698749.0802212467 5710841.259306537),3489,0,665,211577,0.0031430637545668953
"Golden Square, Soho",51.511897,-0.137043,18,POINT (698655.3657768716 5710638.60251478),3451,0,468,211577,0.0022119606573493336
"Wardour Street, Soho",51.512515,-0.133201,16,POINT (698919.2118216616 5710717.753705509),1163,0,722,211577,0.003412469219244058
"Frith Street, Soho",51.513103,-0.131213,18,POINT (699054.5633347848 5710788.536672089),2660,0,459,211577,0.002169422952400308
"Moor Street, Soho",51.513527,-0.13011,16,POINT (699129.2321963983 5710838.679944966),3504,0,782,211577,0.0036960539189042287
"Soho Square , Soho",51.515631,-0.132328,57,POINT (698966.1913130833 5711066.571887558),1052,0,1187,211577,0.005610250641610383
"Upper Grosvenor Street, Mayfair",51.51013,-0.155757,18,POINT (697364.7162721711 5710391.488111881),10621,0,58,211577,0.0002741318763381653
"Park Lane, Mayfair",51.505426,-0.150817,18,POINT (697727.8168774513 5709881.824694509),300093,3,212,211577,0.0010019992721326042
"Pall Mall East, West End",51.50777,-0.130699,22,POINT (699113.482371636 5710197.001030144),1153,3,420,211577,0.001985092897621197
"Green Park Station, Mayfair",51.506613,-0.142844,28,POINT (698275.8695812235 5710035.377121996),200096,3,634,211577,0.0029965449930758068
