commonName,lat,lon,NbDocks,geometry,Station_number,Community,Trip_Station,Station_Trip_Count,Total_Community_Trips,Utilization
"River Street , Clerkenwell",51.529163,-0.10997,19,POINT (700457.6895490855 5712632.1372792665),1023,1,"River Street , Clerkenwell",331,36599,0.009043962949807373
"Christopher Street, Liverpool Street",51.521283,-0.084605,32,POINT (702251.640902797 5711825.858795362),1012,1,"Christopher Street, Liverpool Street",608,36599,0.01661247575070357
"St. Chad's Street, King's Cross",51.530059,-0.120973,23,POINT (699690.7244891608 5712701.654961897),1013,0,"St. Chad's Street, King's Cross",316,34559,0.009143783095575682
"Sedding Street, Sloane Square",51.49313,-0.156876,27,POINT (697360.5455241217 5708498.365484301),3420,3,"Sedding Street, Sloane Square",526,16382,0.0321084116713466
"Broadcasting House, Marylebone",51.518117,-0.144228,18,POINT (698129.9010837389 5711310.670292128),3424,0,"Broadcasting House, Marylebone",734,34559,0.021239040481495414
"Charlbert Street, St. John's Wood",51.5343,-0.168074,16,POINT (696406.1191667509 5713045.626331833),3422,0,"Charlbert Street, St. John's Wood",486,34559,0.014062906912815764
"New Globe Walk, Bankside",51.507385,-0.09644,19,POINT (701492.1098577491 5710247.99872348),1015,2,"New Globe Walk, Bankside",300,27563,0.010884156296484418
"Park Street, Bankside",51.505974,-0.092754,18,POINT (701754.0854808401 5710101.280816227),1024,2,"Park Street, Bankside",220,27563,0.007981714617421906
"Brunswick Square, Bloomsbury",51.523951,-0.122502,24,POINT (699611.4163656881 5712018.380143867),1022,0,"Brunswick Square, Bloomsbury",882,34559,0.02552157180473972
"Malet Street, Bloomsbury",51.52168,-0.130431,49,POINT (699071.3953932829 5711744.275086651),980,0,"Malet Street, Bloomsbury",1499,34559,0.04337509765907578
"Scala Street, Fitzrovia",51.519914,-0.136039,21,POINT (698690.1128155339 5711532.678439824),970,0,"Scala Street, Fitzrovia",677,34559,0.019589687201597268
"Argyle Street, Kings Cross",51.529416,-0.123944,45,POINT (699487.5055428941 5712622.056573413),1011,0,"Argyle Street, Kings Cross",2711,34559,0.07844555687375214
"Great Russell Street, Bloomsbury",51.517727,-0.127854,26,POINT (699267.3978985668 5711311.788770915),988,0,"Great Russell Street, Bloomsbury",573,34559,0.016580340866344512
"Cartwright Gardens , Bloomsbury",51.526357,-0.125979,21,POINT (699359.7494795077 5712276.4009797955),1010,0,"Cartwright Gardens , Bloomsbury",775,34559,0.022425417402123903
"Hatton Wall, Holborn",51.521661,-0.109006,26,POINT (700557.5179070572 5711800.693465647),1008,1,"Hatton Wall, Holborn",874,36599,0.023880433891636382
"Drury Lane, Covent Garden",51.51477,-0.122219,27,POINT (699671.2129700341 5710998.3896947885),1007,0,"Drury Lane, Covent Garden",642,34559,0.0185769264156949
"Taviton Street, Bloomsbury",51.52505,-0.131161,30,POINT (699006.0630774255 5712116.973011884),1009,0,"Taviton Street, Bloomsbury",1098,34559,0.03177175265488006
"Drummond Street , Euston",51.527326,-0.136052,28,POINT (698656.9362694563 5712356.727549303),993,0,"Drummond Street , Euston",501,34559,0.014496947249631065
"Northington Street , Holborn",51.522264,-0.114079,19,POINT (700203.0090038239 5711853.837899662),3425,0,"Northington Street , Holborn",832,34559,0.02407477068202205
"Red Lion Square, Holborn",51.519435,-0.119123,16,POINT (699865.5526481713 5711525.509333807),3421,0,"Red Lion Square, Holborn",331,34559,0.009577823432390983
"British Museum, Bloomsbury",51.51908,-0.124678,35,POINT (699481.790303905 5711470.875232247),981,0,"British Museum, Bloomsbury",754,34559,0.02181776093058248
"Doric Way , Somers Town",51.528833,-0.13225,50,POINT (698914.0400311323 5712534.613580225),1004,0,"Doric Way , Somers Town",623,34559,0.018027141989062183
"Ampton Street , Clerkenwell",51.52728,-0.118295,21,POINT (699888.6133905658 5712399.995512439),1019,0,"Ampton Street , Clerkenwell",556,34559,0.016088428484620505
"Bouverie Street, Temple",51.513821,-0.107927,33,POINT (700666.8285649393 5710931.987707127),1021,2,"Bouverie Street, Temple",429,27563,0.015564343503972717
"Bolsover Street, Fitzrovia",51.523518,-0.143613,19,POINT (698149.1060044516 5711912.833487239),1025,0,"Bolsover Street, Fitzrovia",687,34559,0.019879047426140804
"Windsor Terrace, Hoxton",51.529154,-0.093421,24,POINT (701605.3761187105 5712676.627229066),1029,1,"Windsor Terrace, Hoxton",684,36599,0.018689035219541517
"Fanshaw Street, Hoxton",51.529537,-0.083353,36,POINT (702301.8755660217 5712747.0122642545),3427,1,"Fanshaw Street, Hoxton",875,36599,0.023907757042542145
"Leonard Circus , Shoreditch",51.524696,-0.084439,43,POINT (702248.0251150315 5712205.779659334),1020,1,"Leonard Circus , Shoreditch",1096,36599,0.029946173392715648
"Central House, Aldgate",51.515231,-0.07015,18,POINT (703281.1985446087 5711193.0626632925),3430,1,"Central House, Aldgate",351,36599,0.00959042596792262
"Pancras Road, King's Cross",51.534123,-0.129386,16,POINT (699089.5654579361 5713130.562144762),3428,0,"Pancras Road, King's Cross",329,34559,0.009519951387482276
"Shoreditch High Street, Shoreditch",51.526377,-0.07813,41,POINT (702678.1171697058 5712410.140615334),3445,1,"Shoreditch High Street, Shoreditch",745,36599,0.020355747424793028
"Commercial Street, Shoreditch",51.52127,-0.075578,16,POINT (702877.8123461218 5711849.4140026225),1083,1,"Commercial Street, Shoreditch",277,36599,0.0075685128008961995
"Pindar Street, Liverpool Street",51.520955,-0.083493,24,POINT (702330.2238314708 5711792.46688062),1084,1,"Pindar Street, Liverpool Street",423,36599,0.011557692833137517
"Wenlock Road , Hoxton",51.530991,-0.093903,28,POINT (701563.8326080084 5712879.539254069),979,1,"Wenlock Road , Hoxton",1110,36599,0.030328697505396324
"Crawford Street, Marylebone",51.52026,-0.157183,18,POINT (697222.0039486261 5711513.923644061),1036,0,"Crawford Street, Marylebone",708,34559,0.020486703897682226
"Bruton Street, Mayfair",51.510736,-0.144165,21,POINT (698166.3156989609 5710490.202837724),1034,0,"Bruton Street, Mayfair",238,34559,0.006886773344136115
"Boston Place, Marylebone",51.522511,-0.162298,26,POINT (696857.5019269667 5711750.417170171),1035,0,"Boston Place, Marylebone",1008,34559,0.02916751063398825
"Godliman Street, St. Paul's",51.512484,-0.099141,25,POINT (701282.2251579571 5710807.477017853),971,1,"Godliman Street, St. Paul's",482,36599,0.013169758736577502
"Curzon Street, Mayfair",51.507069,-0.145904,16,POINT (698061.5783335255 5710077.787349085),3437,3,"Curzon Street, Mayfair",227,16382,0.013856671957026005
"Finsbury Library , Finsbury",51.526717,-0.104298,29,POINT (700861.8038857598 5712375.748676844),986,1,"Finsbury Library , Finsbury",470,36599,0.012841880925708352
"Roscoe Street, St. Luke's",51.522954,-0.094934,18,POINT (701527.8383824888 5711983.131572056),1026,1,"Roscoe Street, St. Luke's",712,36599,0.019454083444902865
"Grafton Street, Mayfair",51.509992,-0.143495,18,POINT (698216.0289577442 5710409.2982946765),3431,3,"Grafton Street, Mayfair",155,16382,0.009461604199731412
"Golden Lane, Barbican",51.521747,-0.094475,27,POINT (701565.0056498937 5711850.200297283),967,1,"Golden Lane, Barbican",616,36599,0.01683106095794967
"Finsbury Circus, Liverpool Street",51.517075,-0.086685,33,POINT (702126.0100996032 5711352.258191065),984,1,"Finsbury Circus, Liverpool Street",1341,36599,0.03664034536462745
"Paddington Street, Marylebone",51.520583,-0.154701,16,POINT (697392.76493727 5711556.530966281),1033,0,"Paddington Street, Marylebone",793,34559,0.022946265806302265
"Guilford Street , Bloomsbury",51.523346,-0.120202,32,POINT (699773.5855847336 5711957.394637886),974,0,"Guilford Street , Bloomsbury",975,34559,0.028212621892994588
"New Inn Yard, Shoreditch",51.524526,-0.079248,20,POINT (702608.8015210904 5712201.246458163),1032,1,"New Inn Yard, Shoreditch",637,36599,0.01740484712697068
"Great Dover Street, The Borough",51.497382,-0.089446,33,POINT (702021.6171476815 5709155.140769568),1017,2,"Great Dover Street, The Borough",1256,27563,0.04556833436128143
"Cotton Garden Estate, Kennington",51.490757,-0.106323,24,POINT (700879.5442850459 5708372.09889388),990,2,"Cotton Garden Estate, Kennington",498,27563,0.018067699452164132
"Murray Grove , Hoxton",51.53089,-0.089782,27,POINT (701850.0523170141 5712879.676281598),989,1,"Murray Grove , Hoxton",609,36599,0.016639798901609333
"William IV Street, Strand",51.509462,-0.124749,26,POINT (699518.9060619209 5710401.33233581),1028,0,"William IV Street, Strand",974,34559,0.028183685870540237
"Gower Place , Euston",51.525227,-0.135188,17,POINT (698725.9991034348 5712125.702721322),969,0,"Gower Place , Euston",772,34559,0.022338609334760843
"Holborn Circus, Holborn",51.51795,-0.108657,40,POINT (700598.0375795757 5711389.054823046),982,1,"Holborn Circus, Holborn",1186,36599,0.03240525697423427
"Hatton Garden, Holborn",51.518825,-0.108028,28,POINT (700637.821377374 5711488.064081278),985,1,"Hatton Garden, Holborn",817,36599,0.022323014290007923
"Theobald's Road , Holborn",51.520596,-0.116688,26,POINT (700029.3631982289 5711661.24809496),975,0,"Theobald's Road , Holborn",743,34559,0.021499464683584595
"Euston Road, Euston",51.526236,-0.134407,24,POINT (698775.7689970618 5712240.008187766),983,0,"Euston Road, Euston",582,34559,0.016840765068433693
"Calshot Street , King's Cross",51.53136,-0.117069,24,POINT (699955.7530467254 5712856.970114164),1066,0,"Calshot Street , King's Cross",250,34559,0.007234005613588356
"Newgate Street , St. Paul's",51.515418,-0.09885,34,POINT (701289.4727155503 5711134.4843212925),1074,1,"Newgate Street , St. Paul's",1114,36599,0.03043799010901937
"Farringdon Lane, Clerkenwell",51.52352,-0.10834,16,POINT (700595.5384856656 5712009.206930471),3432,1,"Farringdon Lane, Clerkenwell",419,36599,0.011448400229514467
"Old Street Station, St. Luke's",51.525615,-0.088532,34,POINT (701960.0868601868 5712296.6448682),1064,1,"Old Street Station, St. Luke's",1778,36599,0.04858056231044564
"Torrens Street, Angel",51.532199,-0.10548,19,POINT (700755.7017089645 5712982.002092579),1060,1,"Torrens Street, Angel",251,36599,0.006858110877346376
"Longford Street, The Regent's Park",51.525595,-0.144083,21,POINT (698107.4891199076 5712142.486655317),976,0,"Longford Street, The Regent's Park",332,34559,0.009606759454845336
"Russell Square Station, Bloomsbury",51.523418,-0.124121,26,POINT (699501.4585442204 5711954.702697668),978,0,"Russell Square Station, Bloomsbury",1019,34559,0.029485806880986138
"Sadlers Sports Centre, Finsbury",51.524868,-0.099489,17,POINT (701203.4727373193 5712183.392274016),3433,1,"Sadlers Sports Centre, Finsbury",793,36599,0.021667258668269625
"Arundel Street, Temple",51.511726,-0.113855,18,POINT (700264.7838794502 5710682.816404603),3455,2,"Arundel Street, Temple",405,27563,0.014693611000253964
"Webber Street , Southwark",51.500693,-0.102091,45,POINT (701129.5123873923 5709488.4230754385),3448,2,"Webber Street , Southwark",1000,27563,0.03628052098828139
"Great Titchfield Street, Fitzrovia",51.520253,-0.141327,19,POINT (698321.847951865 5711556.018079278),3450,0,"Great Titchfield Street, Fitzrovia",598,34559,0.01730374142770335
"Panton Street, West End",51.509639,-0.13151,21,POINT (699049.0644819308 5710402.59342439),3452,3,"Panton Street, West End",325,16382,0.019838847515565864
"Breams Buildings, Holborn",51.515937,-0.111778,25,POINT (700390.3865247396 5711156.691134849),3449,1,"Breams Buildings, Holborn",574,36599,0.01568348861990765
"Tanner Street, Bermondsey",51.500647,-0.0786,41,POINT (702759.794276841 5709548.149848734),994,2,"Tanner Street, Bermondsey",800,27563,0.029024416790625115
"Sancroft Street, Vauxhall",51.489479,-0.115156,24,POINT (700272.0753658137 5708205.796742623),3434,2,"Sancroft Street, Vauxhall",245,27563,0.008888727642128941
"Bayley Street , Bloomsbury",51.518587,-0.132053,25,POINT (698972.3794746381 5711395.974766878),1006,0,"Bayley Street , Bloomsbury",905,34559,0.02618710032118985
"Tavistock Place, Bloomsbury",51.52625,-0.123509,19,POINT (699531.5193631442 5712271.240219196),3439,0,"Tavistock Place, Bloomsbury",554,34559,0.016030556439711796
"Harrington Square 1, Camden Town",51.533019,-0.139174,27,POINT (698415.6554384434 5712981.214701163),1038,0,"Harrington Square 1, Camden Town",766,34559,0.022164993200034722
"Walnut Tree Walk, Vauxhall",51.493686,-0.111014,20,POINT (700541.0962570903 5708684.881665021),1076,2,"Walnut Tree Walk, Vauxhall",502,27563,0.01821282153611726
"Borough Road, Elephant & Castle",51.498898,-0.10044,41,POINT (701251.9889492306 5709293.392625363),1082,2,"Borough Road, Elephant & Castle",541,27563,0.019627761854660232
"Cloudesley Road, Angel",51.534408,-0.109025,37,POINT (700500.1666508615 5713217.877443359),2586,0,"Cloudesley Road, Angel",295,34559,0.00853612662403426
"Bricklayers Arms, Borough",51.495061,-0.085814,28,POINT (702283.9456401997 5708907.124622811),1070,2,"Bricklayers Arms, Borough",1079,27563,0.039146682146355624
"Aldersgate Street, Barbican",51.520841,-0.09734,15,POINT (701370.28869462 5711741.5781393135),1065,1,"Aldersgate Street, Barbican",1738,36599,0.04748763627421514
"Falkirk Street, Hoxton",51.53095,-0.078505,26,POINT (702631.795360232 5712917.5333549045),1047,1,"Falkirk Street, Hoxton",580,36599,0.015847427525342222
"Hampstead Road, Euston",51.525542,-0.138231,54,POINT (698513.581574933 5712152.46139748),972,0,"Hampstead Road, Euston",987,34559,0.02855985416244683
"Old Quebec Street, Marylebone",51.514577,-0.158264,16,POINT (697171.574640956 5710879.157249407),1085,0,"Old Quebec Street, Marylebone",856,34559,0.02476923522092653
"Albert Embankment, Vauxhall",51.490435,-0.122806,24,POINT (699736.9161094319 5708291.176671244),1059,3,"Albert Embankment, Vauxhall",161,16382,0.009827859846172628
"Queen Street 1, Bank",51.511553,-0.09294,22,POINT (701716.5259471744 5710721.048348314),999,2,"Queen Street 1, Bank",1063,27563,0.03856619381054312
"Jewry Street, Aldgate",51.513406,-0.076793,17,POINT (702828.4891520398 5710971.71664447),1045,1,"Jewry Street, Aldgate",292,36599,0.007978360064482637
"Crosswall, Tower",51.511594,-0.077121,34,POINT (702813.7865835119 5710769.347230517),991,2,"Crosswall, Tower",854,27563,0.030983564923992308
"Woodstock Street, Mayfair",51.514105,-0.147301,21,POINT (697934.1392369713 5710856.286341023),1042,3,"Woodstock Street, Mayfair",171,16382,0.010438285923574655
"Finsbury Leisure Centre, St. Luke's",51.526008,-0.096317,20,POINT (701418.433361303 5712318.870363641),1049,1,"Finsbury Leisure Centre, St. Luke's",1419,36599,0.03877155113527692
"Abbey Orchard Street, Westminster",51.498125,-0.132102,29,POINT (699058.1843214651 5709120.832141998),3429,3,"Abbey Orchard Street, Westminster",379,16382,0.023135148333536807
"Park Lane , Hyde Park",51.510017,-0.157275,28,POINT (697259.8885787417 5710374.830105422),1037,3,"Park Lane , Hyde Park",519,16382,0.03168111341716518
"Park Road (Baker Street), The Regent's Park",51.524517,-0.158963,22,POINT (697080.1503651306 5711982.4314466),1050,0,"Park Road (Baker Street), The Regent's Park",986,34559,0.02853091813999248
"Braham Street, Aldgate",51.514233,-0.073537,34,POINT (703050.6851769448 5711072.6966822855),1062,1,"Braham Street, Aldgate",749,36599,0.020465040028416075
"Little Argyll Street, West End",51.514499,-0.141423,21,POINT (698340.1951531571 5710916.013728848),995,0,"Little Argyll Street, West End",958,34559,0.02772070951127058
"Lollard Street, Vauxhall",51.49288,-0.114934,25,POINT (700272.5722943861 5708584.532771733),998,2,"Lollard Street, Vauxhall",805,27563,0.02920581939556652
"Rochester Row, Westminster",51.495827,-0.135478,13,POINT (698833.9078233389 5708856.156236973),3457,3,"Rochester Row, Westminster",362,16382,0.022097424001953362
"Bath Street, St. Luke's",51.525893,-0.090847,18,POINT (701798.3034905228 5712321.163180962),964,1,"Bath Street, St. Luke's",1406,36599,0.038416350173502006
"The Guildhall, Guildhall",51.515735,-0.09308,17,POINT (701688.3323643523 5711185.62280208),1044,1,"The Guildhall, Guildhall",590,36599,0.016120659034399847
"Baker Street, Marylebone",51.518913,-0.156166,22,POINT (697298.3696398009 5711366.903031797),1086,0,"Baker Street, Marylebone",640,34559,0.01851905437078619
"Norton Folgate, Liverpool Street",51.521113,-0.078869,23,POINT (702650.2455996855 5711822.835067925),1068,1,"Norton Folgate, Liverpool Street",577,36599,0.015765458072624933
"St. John Street, Finsbury",51.52836,-0.104724,18,POINT (700825.0268352113 5712557.2505305745),992,0,"St. John Street, Finsbury",348,34559,0.010069735814114992
"Borough High Street, The Borough",51.500694,-0.094524,21,POINT (701654.5948996162 5709509.363867625),996,2,"Borough High Street, The Borough",584,27563,0.021187824257156332
"Museum of London, Barbican",51.517821,-0.096496,52,POINT (701442.1607129959 5711408.133927811),1043,1,"Museum of London, Barbican",1276,36599,0.03486434055575289
"Wood Street, Guildhall",51.517008,-0.093885,17,POINT (701626.8662450428 5711324.937425717),1063,1,"Wood Street, Guildhall",529,36599,0.014453946829148337
"Tower Gardens , Tower",51.509506,-0.075459,24,POINT (702938.3703679261 5710541.810757227),1071,2,"Tower Gardens , Tower",439,27563,0.015927148713855532
"Eversholt Street , Camden Town",51.533005,-0.136792,16,POINT (698580.8915070909 5712986.123613737),1005,0,"Eversholt Street , Camden Town",667,34559,0.019300326977053733
"Bethnal Green Road, Shoreditch",51.523648,-0.074754,38,POINT (702924.3885539544 5712116.088579415),973,1,"Bethnal Green Road, Shoreditch",1219,36599,0.03330692095412443
"Clerkenwell Green, Clerkenwell",51.52326,-0.104708,21,POINT (700848.5878878077 5711990.26726694),1053,1,"Clerkenwell Green, Clerkenwell",810,36599,0.022131752233667586
"Queen Victoria Street, St. Paul's",51.511961,-0.097441,32,POINT (701402.4682499698 5710754.008276301),1048,1,"Queen Victoria Street, St. Paul's",571,36599,0.01560151916719036
"Green Street, Mayfair",51.512276,-0.157436,19,POINT (697238.9573082533 5710625.557819372),3464,3,"Green Street, Mayfair",442,16382,0.026980832621169577
"Lambeth Road, Vauxhall",51.494881,-0.117974,18,POINT (700052.8200848529 5708798.690926557),1078,2,"Lambeth Road, Vauxhall",454,27563,0.016471356528679752
"Finsbury Square , Moorgate",51.520962,-0.085634,33,POINT (702181.6916336799 5711787.324658935),1056,1,"Finsbury Square , Moorgate",697,36599,0.01904423618131643
"Chapel Place, Marylebone",51.515308,-0.147203,29,POINT (697935.7204122903 5710990.304164591),1003,0,"Chapel Place, Marylebone",642,34559,0.0185769264156949
"Pont Street, Knightsbridge",51.496886,-0.161203,24,POINT (697044.0294389273 5708904.305299727),1114,3,"Pont Street, Knightsbridge",390,16382,0.02380661701867904
"Kennington Cross, Kennington",51.48894,-0.111435,47,POINT (700532.7121863773 5708156.060665623),1093,2,"Kennington Cross, Kennington",764,27563,0.027718318035046985
"Portugal Street, Holborn",51.514943,-0.116146,16,POINT (700091.7418996827 5711034.218973272),3456,2,"Portugal Street, Holborn",489,27563,0.017741174763269602
"Tachbrook Street, Victoria",51.492111,-0.138364,16,POINT (698649.7816713944 5708435.164853748),965,3,"Tachbrook Street, Victoria",576,16382,0.03516054205835673
"Holy Trinity Brompton, Knightsbridge",51.497056,-0.168917,28,POINT (696507.9587419257 5708902.460507984),1002,3,"Holy Trinity Brompton, Knightsbridge",278,16382,0.01696984495177634
"Hampton Street, Walworth",51.49217,-0.101536,21,POINT (701205.5708524947 5708542.35061525),1118,2,"Hampton Street, Walworth",509,27563,0.01846678518303523
"Waterloo Station 3, Waterloo",51.503791,-0.112824,35,POINT (700371.1346097592 5709803.412460054),1072,1,"Waterloo Station 3, Waterloo",4884,36599,0.13344626902374382
"New Kent Road, The Borough",51.494436,-0.092921,33,POINT (701793.480279926 5708818.011829386),966,2,"New Kent Road, The Borough",594,27563,0.021550629467039145
"Guildhouse Street, Victoria",51.492345,-0.141334,16,POINT (698442.6312718417 5708453.122597734),3478,3,"Guildhouse Street, Victoria",285,16382,0.017397143205957758
"Southampton Place, Holborn",51.517606,-0.121328,20,POINT (699720.6108157118 5711316.134458206),1123,0,"Southampton Place, Holborn",508,34559,0.014699499406811539
"Sloane Avenue, Knightsbridge",51.493184,-0.167894,27,POINT (696595.619012146 5708474.708891229),3461,3,"Sloane Avenue, Knightsbridge",315,16382,0.019228421438163838
"Seville Street, Knightsbridge",51.501855,-0.159237,27,POINT (697159.0121749275 5709462.068099589),1177,3,"Seville Street, Knightsbridge",321,16382,0.019594677084605053
"Eccleston Place, Victoria",51.49395,-0.147624,19,POINT (697999.1160828781 5708614.530400084),3465,3,"Eccleston Place, Victoria",645,16382,0.039372481992430715
"Porchester Place, Paddington",51.514746,-0.165164,18,POINT (696692.1834554379 5710879.371178693),3477,0,"Porchester Place, Paddington",507,34559,0.014670563384357186
"Hardwick Street, Clerkenwell",51.527842,-0.108068,30,POINT (700595.3992430664 5712490.481038712),1057,2,"Hardwick Street, Clerkenwell",255,27563,0.009251532852011754
"Waterloo Road, South Bank",51.50486,-0.113001,15,POINT (700354.1619836745 5709921.780918404),1176,2,"Waterloo Road, South Bank",418,27563,0.015165257773101622
"Worship Street, Shoreditch",51.521668,-0.079608,51,POINT (702596.5240019922 5711882.493338758),997,1,"Worship Street, Shoreditch",930,36599,0.02541053034235908
"Ashley Place, Victoria",51.49616,-0.140947,25,POINT (698452.9142005045 5708878.332119274),1122,3,"Ashley Place, Victoria",629,16382,0.03839580026858747
"Warwick Square, Pimlico",51.489856,-0.141923,19,POINT (698412.5626726621 5708174.793076584),3460,3,"Warwick Square, Pimlico",670,16382,0.04089854718593578
"North Audley Street, Mayfair",51.512911,-0.153645,17,POINT (697499.2097429214 5710706.387267728),1126,3,"North Audley Street, Mayfair",228,16382,0.013917714564766207
"Belgrave Square, Belgravia",51.499412,-0.152317,21,POINT (697649.769804957 5709209.120039323),3473,3,"Belgrave Square, Belgravia",320,16382,0.01953363447686485
"Bell Street , Marylebone",51.522029,-0.165842,18,POINT (696613.7691852789 5711687.29439667),1166,0,"Bell Street , Marylebone",498,34559,0.014410139182268005
"Portland Place, Marylebone",51.520715,-0.145211,34,POINT (698050.4386361018 5711596.8605049485),1164,0,"Portland Place, Marylebone",787,34559,0.022772649671576144
"Nutford Place, Marylebone",51.516517,-0.164393,18,POINT (696738.0342662818 5711078.349632727),1112,0,"Nutford Place, Marylebone",147,34559,0.0042535953007899535
"Claremont Square, Angel",51.531666,-0.109914,18,POINT (700450.5733692813 5712910.579283794),1104,1,"Claremont Square, Angel",338,36599,0.009235225006147709
"Rampayne Street, Pimlico",51.489975,-0.132845,21,POINT (699042.1364899756 5708212.677901914),1106,3,"Rampayne Street, Pimlico",725,16382,0.04425589061164693
"Hyde Park Corner, Hyde Park",51.503117,-0.15352,36,POINT (697550.2588241849 5709617.80216424),1075,3,"Hyde Park Corner, Hyde Park",1323,16382,0.08075937004028812
"Bankside Mix, Bankside",51.505817,-0.100186,60,POINT (701239.1183860234 5710063.355235913),963,2,"Bankside Mix, Bankside",598,27563,0.021695751550992272
"Hop Exchange, The Borough",51.504627,-0.091773,56,POINT (701828.1054024887 5709954.22561128),960,2,"Hop Exchange, The Borough",1896,27563,0.06878786779378152
"Milroy Walk, South Bank",51.507244,-0.106237,30,POINT (700812.9990436445 5710205.383663368),959,2,"Milroy Walk, South Bank",482,27563,0.017487211116351632
"Union Street, The Borough",51.503688,-0.098497,17,POINT (701365.6975495903 5709831.297550218),961,2,"Union Street, The Borough",515,27563,0.018684468308964915
"Stamford Street, South Bank",51.505569,-0.111606,27,POINT (700447.8419663649 5710004.430050333),962,2,"Stamford Street, South Bank",682,27563,0.02474331531400791
"Great Tower Street, Monument",51.510484,-0.082989,24,POINT (702411.6171448953 5710629.683112142),1080,2,"Great Tower Street, Monument",630,27563,0.022856728222617275
"Dorset Square, Marylebone",51.522596,-0.161113,16,POINT (696939.3258867175 5711763.057755013),1162,0,"Dorset Square, Marylebone",1034,34559,0.02991984721780144
"Leman Street, Aldgate",51.512363,-0.069542,37,POINT (703336.1520216146 5710875.885859975),1102,2,"Leman Street, Aldgate",449,27563,0.016289953923738346
"West Smithfield Rotunda, Farringdon",51.518218,-0.100791,15,POINT (701142.4854662002 5711440.453220594),1040,1,"West Smithfield Rotunda, Farringdon",851,36599,0.023252001420803848
"Margery Street, Clerkenwell",51.526599,-0.112432,19,POINT (700298.2109869017 5712340.321191939),3468,0,"Margery Street, Clerkenwell",424,34559,0.012268873520645852
"Grosvenor Crescent, Belgravia",51.501352,-0.153194,18,POINT (697580.5167388308 5709422.445313127),1169,3,"Grosvenor Crescent, Belgravia",127,16382,0.007752411183005738
"Mallory Street, Marylebone",51.525051,-0.166304,20,POINT (696568.7049591888 5712022.047996931),1175,0,"Mallory Street, Marylebone",352,34559,0.010185479903932405
"Denyer Street, Knightsbridge",51.493583,-0.165101,30,POINT (696787.7454808357 5708526.578618364),3454,3,"Denyer Street, Knightsbridge",275,16382,0.01678671712855573
"Hinde Street, Marylebone",51.516814,-0.151926,21,POINT (697601.5645267196 5711144.97576975),3476,0,"Hinde Street, Marylebone",662,34559,0.019155646864781967
"Cadogan Place, Knightsbridge",51.494645,-0.158105,34,POINT (697268.7046581212 5708663.492817283),3469,3,"Cadogan Place, Knightsbridge",248,16382,0.01513856671957026
"Wellington Arch, Hyde Park",51.50274,-0.149569,36,POINT (697826.0470843634 5709586.562289312),1109,3,"Wellington Arch, Hyde Park",508,16382,0.031009644732022952
"Endsleigh Gardens, Euston",51.526838,-0.130504,32,POINT (699043.828334721 5712317.554971556),1079,0,"Endsleigh Gardens, Euston",742,34559,0.02147052866113024
"Moorfields, Moorgate",51.519069,-0.088285,54,POINT (702006.1965511078 5711569.533593395),1092,1,"Moorfields, Moorgate",1680,36599,0.04590289352168092
"Wormwood Street, Liverpool Street",51.516154,-0.082422,16,POINT (702425.8049719272 5711261.649177447),2587,2,"Wormwood Street, Liverpool Street",1778,27563,0.06450676631716432
"Chelsea Green, Chelsea",51.490664,-0.166485,15,POINT (696704.2608722919 5708198.315158906),1179,3,"Chelsea Green, Chelsea",235,16382,0.014345012818947626
"Knightsbridge, Hyde Park",51.502757,-0.155349,43,POINT (697424.9033214339 5709572.839350017),1101,3,"Knightsbridge, Hyde Park",122,16382,0.007447198144304725
"Rodney Road , Walworth",51.491484,-0.09022,24,POINT (701993.9872298744 5708497.258144854),3481,2,"Rodney Road , Walworth",371,27563,0.013460073286652396
"Charles II Street, West End",51.508446,-0.131961,24,POINT (699022.9759300154 5710268.726043618),3488,3,"Charles II Street, West End",219,16382,0.013368331095104383
"Great Percy Street, Clerkenwell",51.528915,-0.11548,23,POINT (700076.6667236653 5712589.475706226),3470,0,"Great Percy Street, Clerkenwell",531,34559,0.015365027923261668
"St. James's Square, St. James's",51.507424,-0.134621,40,POINT (698842.8755815497 5710147.864497575),1067,3,"St. James's Square, St. James's",854,16382,0.052130387010133075
"Whitehall Place, Strand",51.506543,-0.123179,46,POINT (699640.5955244343 5710081.0753674535),1151,3,"Whitehall Place, Strand",456,16382,0.027835429129532414
"Poured Lines, Bankside",51.506692,-0.103137,31,POINT (701030.5133750299 5710152.525584832),1144,2,"Poured Lines, Bankside",310,27563,0.011246961506367231
"Carey Street, Holborn",51.51501,-0.112753,16,POINT (700326.8209982925 5711050.954953334),1139,2,"Carey Street, Holborn",294,27563,0.01066647317055473
"Kennington Road, Vauxhall",51.495718,-0.110889,36,POINT (700540.8492146147 5708911.14507304),1154,2,"Kennington Road, Vauxhall",592,27563,0.021478068425062585
"Fashion Street, Whitechapel",51.51838,-0.073438,30,POINT (703039.1018201876 5711534.038994044),3483,1,"Fashion Street, Whitechapel",455,36599,0.012432033662121917
"Warren Street Station, Euston",51.524438,-0.138019,26,POINT (698533.0887587536 5712030.291326325),1090,0,"Warren Street Station, Euston",2105,34559,0.06091032726641396
"Colombo Street, Southwark",51.505459,-0.105692,14,POINT (700858.6653365103 5710008.4207729325),3472,2,"Colombo Street, Southwark",21,27563,0.0007618909407539092
"Beaumont Street, Marylebone",51.522008,-0.151359,23,POINT (697618.4016948504 5711723.990769424),3482,0,"Beaumont Street, Marylebone",822,34559,0.023785410457478513
"Gloucester Street, Pimlico",51.490962,-0.139625,25,POINT (698567.2562924501 5708303.993988025),1103,3,"Gloucester Street, Pimlico",628,16382,0.03833475766084727
"Earnshaw Street , Covent Garden",51.516118,-0.128585,18,POINT (699223.7150822477 5711130.905426807),1145,0,"Earnshaw Street , Covent Garden",494,34559,0.014294395092450592
"Berry Street, Clerkenwell",51.522853,-0.099994,41,POINT (701177.3332471119 5711957.972055708),1159,1,"Berry Street, Clerkenwell",840,36599,0.02295144676084046
"St. John's Wood Church, The Regent's Park",51.530529,-0.167515,50,POINT (696461.1229211341 5712627.855651676),1091,0,"St. John's Wood Church, The Regent's Park",332,34559,0.009606759454845336
"Triangle Car Park, Hyde Park",51.506451,-0.170279,27,POINT (696373.0306084738 5709943.366742465),1088,3,"Triangle Car Park, Hyde Park",630,16382,0.038456842876327675
"Harper Road, The Borough",51.498597,-0.096191,42,POINT (701548.1743269765 5709271.623394633),1137,2,"Harper Road, The Borough",378,27563,0.013714036933570366
"Royal Avenue 1, Chelsea",51.489932,-0.162727,10,POINT (696968.2518235156 5708127.038331327),3440,3,"Royal Avenue 1, Chelsea",138,16382,0.008423879868147967
"Brushfield Street, Liverpool Street",51.518908,-0.079249,34,POINT (702633.6802803889 5711576.627826137),1161,1,"Brushfield Street, Liverpool Street",1533,36599,0.04188639033853384
"Chadwell Street, Angel",51.530515,-0.106408,18,POINT (700698.7602220923 5712792.2246193625),3471,1,"Chadwell Street, Angel",502,36599,0.013716221754692752
"Houghton Street, Strand",51.51362,-0.116764,15,POINT (700054.6700387071 5710885.434993641),3484,2,"Houghton Street, Strand",491,27563,0.017813735805246162
"Westminster University, Marylebone",51.522481,-0.154907,16,POINT (697370.2663804777 5711767.000095913),1194,0,"Westminster University, Marylebone",445,34559,0.012876529992187274
"Bourne Street, Belgravia",51.490959,-0.153233,16,POINT (697622.7766833804 5708266.820844916),1180,3,"Bourne Street, Belgravia",295,16382,0.018007569283359785
"LSBU (Borough Road), Elephant & Castle",51.498744,-0.103132,35,POINT (701065.8570929484 5709268.869235024),1095,2,"LSBU (Borough Road), Elephant & Castle",336,27563,0.012190255052062548
"St. Mary Axe, Aldgate",51.514225,-0.08066,21,POINT (702556.592537762 5711052.058492201),1184,1,"St. Mary Axe, Aldgate",473,36599,0.01292385037842564
"Tysoe Street, Clerkenwell",51.526443,-0.109256,20,POINT (700519.160004088 5712331.67972695),1146,1,"Tysoe Street, Clerkenwell",607,36599,0.016585152599797807
"Southwick Street, Paddington",51.515953,-0.169249,17,POINT (696403.6077343179 5711002.592936154),3490,0,"Southwick Street, Paddington",314,34559,0.009085911050666976
"Regency Street, Westminster",51.49206,-0.132224,22,POINT (699076.1522235565 5708446.181571564),1155,3,"Regency Street, Westminster",653,16382,0.039860822854352336
"Belgrave Road, Victoria",51.493204,-0.144132,29,POINT (698244.7078195581 5708541.043619122),1087,3,"Belgrave Road, Victoria",349,16382,0.021303870101330728
"Empire Square, The Borough",51.500823,-0.08974,46,POINT (701985.9937061057 5709536.903162603),1209,2,"Empire Square, The Borough",1029,27563,0.03733265609694155
"Baylis Road, Waterloo",51.501444,-0.110699,22,POINT (700528.8896517177 5709548.29140042),1133,2,"Baylis Road, Waterloo",1538,27563,0.05579944127997678
"Belvedere Road 1, South Bank",51.506133,-0.114686,38,POINT (700231.6641706203 5710058.702000133),1186,1,"Belvedere Road 1, South Bank",458,36599,0.012514003114839203
"Barbican Centre, Barbican",51.520044,-0.092176,19,POINT (701731.9923194681 5711667.196516773),1191,1,"Barbican Centre, Barbican",716,36599,0.019563376048525916
"Lower Thames Street, Monument",51.509301,-0.084985,24,POINT (702278.383671973 5710492.634741691),1098,2,"Lower Thames Street, Monument",198,27563,0.007183543155679715
"Tooley Street, Bermondsey",51.503493,-0.07962,27,POINT (702676.3816705614 5709861.744373421),1142,2,"Tooley Street, Bermondsey",1157,27563,0.04197656278344157
"Royal Avenue 2, Chelsea",51.490083,-0.162418,10,POINT (696989.0480384491 5708144.658691603),3462,3,"Royal Avenue 2, Chelsea",241,16382,0.014711268465388842
"Smith Square, Westminster",51.495805,-0.127575,18,POINT (699382.4685252494 5708875.216264577),3480,3,"Smith Square, Westminster",434,16382,0.026492491759247956
"Kingsway, Covent Garden",51.514409,-0.118478,16,POINT (699932.309677859 5710968.471359404),1141,0,"Kingsway, Covent Garden",136,34559,0.003935299053792066
"Lambeth North Station, Waterloo",51.49914,-0.112031,20,POINT (700446.5746796948 5709288.478944284),1117,2,"Lambeth North Station, Waterloo",549,27563,0.019918006022566485
"Bedford Way, Bloomsbury",51.523673,-0.128377,23,POINT (699205.159711735 5711971.453795089),1156,0,"Bedford Way, Bloomsbury",464,34559,0.013426314418819989
"Elizabeth Bridge, Victoria",51.492369,-0.147478,34,POINT (698016.102754892 5708439.146307175),1138,3,"Elizabeth Bridge, Victoria",360,16382,0.021975338786472957
"South Audley Street, Mayfair",51.50923,-0.151289,15,POINT (697678.5948936294 5710303.487586675),3493,3,"South Audley Street, Mayfair",183,16382,0.011170797216457086
"St Mary's Hospital, Paddington",51.518268,-0.171103,20,POINT (696265.0407447156 5711255.00555524),3496,0,"St Mary's Hospital, Paddington",538,34559,0.015567580080442142
"Montpelier Street, Knightsbridge",51.498884,-0.165471,16,POINT (696739.2296592321 5709114.963151789),1206,3,"Montpelier Street, Knightsbridge",330,16382,0.020144060554266877
"Swan Street, The Borough",51.500296,-0.092762,27,POINT (701778.6216513645 5709469.971805068),1216,2,"Swan Street, The Borough",561,27563,0.020353372274425862
"Geraldine Street, Elephant & Castle",51.496127,-0.106,17,POINT (700878.3439261065 5708970.029642194),3498,2,"Geraldine Street, Elephant & Castle",223,27563,0.008090556180386751
"Curlew Street, Shad Thames",51.502279,-0.074189,21,POINT (703058.6221852902 5709741.830804684),1213,2,"Curlew Street, Shad Thames",1066,27563,0.038675035373507964
"Vincent Square, Westminster",51.493985,-0.136928,19,POINT (698741.2935086746 5708647.419490149),1196,3,"Vincent Square, Westminster",239,16382,0.014589183249908436
"Marylebone Lane, Marylebone",51.514759,-0.148105,24,POINT (697875.5287661741 5710926.824546779),1152,0,"Marylebone Lane, Marylebone",574,34559,0.016609276888798867
"Albert Gate, Hyde Park",51.502953,-0.158456,34,POINT (697208.4640703334 5709586.251576245),1132,3,"Albert Gate, Hyde Park",956,16382,0.058356732999633745
"Rathbone Street, Fitzrovia",51.518162,-0.135025,16,POINT (698768.0780099899 5711340.641871662),3497,0,"Rathbone Street, Fitzrovia",588,34559,0.017014381203159814
"Long Lane , Bermondsey",51.499075,-0.085666,20,POINT (702276.4370427174 5709353.81423196),1189,2,"Long Lane , Bermondsey",677,27563,0.0245619127090665
"Embankment (Savoy), Strand",51.509631,-0.119047,41,POINT (699913.7631274319 5710435.689069264),1192,3,"Embankment (Savoy), Strand",227,16382,0.013856671957026005
"Black Prince Road, Vauxhall",51.490867,-0.116911,19,POINT (700144.1810747804 5708355.314895638),1205,2,"Black Prince Road, Vauxhall",510,27563,0.01850306570402351
"Foley Street, Fitzrovia",51.519181,-0.140485,24,POINT (698384.9116155463 5711439.11377541),3494,0,"Foley Street, Fitzrovia",868,34559,0.025116467490378772
"Wells Street, Fitzrovia",51.517344,-0.138072,38,POINT (698560.2800223067 5711241.419025182),3495,0,"Wells Street, Fitzrovia",905,34559,0.02618710032118985
"Tyers Gate, Bermondsey",51.500889,-0.083159,36,POINT (702442.3654329994 5709562.430660647),3485,2,"Tyers Gate, Bermondsey",586,27563,0.021260385299132895
"The Tennis Courts, The Regent's Park",51.525367,-0.153463,16,POINT (697457.9308329399 5712091.771370863),1199,0,"The Tennis Courts, The Regent's Park",394,34559,0.01140079284701525
"Warwick Row, Westminster",51.497998,-0.14296,21,POINT (698305.2325389134 5709077.227141427),968,3,"Warwick Row, Westminster",629,16382,0.03839580026858747
"Dickens Square, Borough",51.496791,-0.093913,32,POINT (701714.2327554243 5709077.107989187),1208,2,"Dickens Square, Borough",496,27563,0.01799513841018757
"Sackville Street, Mayfair",51.510048,-0.138846,18,POINT (698538.3243180409 5710428.131572438),1197,0,"Sackville Street, Mayfair",462,34559,0.013368442373911282
"Baldwin Street, St. Luke's",51.527025,-0.088542,21,POINT (701953.1514140401 5712453.38310053),3500,1,"Baldwin Street, St. Luke's",879,36599,0.024017049646165196
"Queen Mother Sports Centre, Victoria",51.493573,-0.139956,26,POINT (698532.9337103763 5708593.392280496),1148,3,"Queen Mother Sports Centre, Victoria",628,16382,0.03833475766084727
"Bermondsey Street, Bermondsey",51.497855,-0.081608,24,POINT (702563.4492599255 5709229.400636813),2637,2,"Bermondsey Street, Bermondsey",904,27563,0.03279759097340638
"Palissy Street, Shoreditch",51.526293,-0.073955,26,POINT (702968.0367100543 5712412.379771171),3502,1,"Palissy Street, Shoreditch",528,36599,0.014426623678242574
"Clifton Street, Shoreditch",51.523196,-0.083067,24,POINT (702349.8327273645 5712042.802638378),3501,1,"Clifton Street, Shoreditch",423,36599,0.011557692833137517
"Ontario Street, Elephant & Castle",51.49652,-0.101384,15,POINT (701196.9570311696 5709026.407178416),1200,2,"Ontario Street, Elephant & Castle",614,27563,0.022276239886804775
"St. Martin's Street, West End",51.509087,-0.129697,18,POINT (699177.2562308022 5710346.1555585805),1158,3,"St. Martin's Street, West End",133,16382,0.008118666829446954
"Graham Street, Angel",51.532661,-0.099981,26,POINT (701134.9859140397 5713048.478187342),1131,1,"Graham Street, Angel",726,36599,0.01983660755758354
"New North Road 2, Hoxton",51.53114,-0.086016,22,POINT (702110.1000406959 5712917.8729747),2641,1,"New North Road 2, Hoxton",453,36599,0.012377387360310391
"Bunhill Row, Moorgate",51.520858,-0.089887,30,POINT (701887.1607355529 5711764.013916652),1211,1,"Bunhill Row, Moorgate",1365,36599,0.037296100986365745
"Concert Hall Approach 1, South Bank",51.505044,-0.115851,10,POINT (700155.606444915 5709934.437082032),2635,2,"Concert Hall Approach 1, South Bank",264,27563,0.009578057540906288
"Tavistock Street, Covent Garden",51.511968,-0.120718,33,POINT (699787.6028955439 5710690.956093153),1207,0,"Tavistock Street, Covent Garden",587,34559,0.01698544518070546
"Concert Hall Approach 2, South Bank",51.504942,-0.115533,18,POINT (700178.1181915462 5709923.966618742),1212,1,"Concert Hall Approach 2, South Bank",482,36599,0.013169758736577502
"Wellington Street , Strand",51.511756,-0.119643,24,POINT (699863.109118208 5710670.322067618),1202,2,"Wellington Street , Strand",841,27563,0.03051191815114465
"Risinghill Street, Angel",51.533319,-0.111781,25,POINT (700313.8469744683 5713089.247461584),1127,0,"Risinghill Street, Angel",206,34559,0.005960820625596806
"Bank of England Museum, Bank",51.514441,-0.087587,16,POINT (702075.1039451705 5711056.914529928),1201,1,"Bank of England Museum, Bank",808,36599,0.02207710593185606
"Craven Street, Strand",51.508103,-0.126021,23,POINT (699436.5934784916 5710246.767487884),1160,3,"Craven Street, Strand",771,16382,0.047063850567696255
"Goswell Road (City Uni), Finsbury",51.528246,-0.101026,17,POINT (701081.9843391203 5712554.736951834),1222,1,"Goswell Road (City Uni), Finsbury",11,36599,0.00030055465996338697
"Lower Marsh, Waterloo",51.500139,-0.113936,17,POINT (700309.9964152314 5709394.3320089225),1219,2,"Lower Marsh, Waterloo",582,27563,0.02111526321517977
"Grosvenor Square, Mayfair",51.51217,-0.150481,17,POINT (697721.9183971774 5710632.548091174),10627,3,"Grosvenor Square, Mayfair",398,16382,0.02429495788060066
"St. George Street, Mayfair",51.51196,-0.142783,18,POINT (698256.8784178469 5710630.034773718),1221,3,"St. George Street, Mayfair",302,16382,0.018434867537541203
"Macclesfield Rd, St Lukes",51.529423,-0.097122,28,POINT (701347.530573712 5712696.339062954),1226,1,"Macclesfield Rd, St Lukes",1186,36599,0.03240525697423427
"Greycoat Street , Westminster",51.494591,-0.134234,17,POINT (698925.6242408394 5708722.116563433),10623,3,"Greycoat Street , Westminster",230,16382,0.014039799780246612
"Northumberland Avenue, Strand",51.506767,-0.123702,37,POINT (699603.328780533 5710104.553017837),1097,3,"Northumberland Avenue, Strand",183,16382,0.011170797216457086
"Howland Street, Fitzrovia",51.520994,-0.139016,30,POINT (698478.9215536857 5711644.672899664),2691,0,"Howland Street, Fitzrovia",1081,34559,0.03127984027315605
"High Holborn , Covent Garden",51.516226,-0.124826,20,POINT (699483.9996090948 5711153.157806039),1229,0,"High Holborn , Covent Garden",723,34559,0.020920744234497527
"Butler Place, Westminster",51.497829,-0.13544,18,POINT (698827.8289020646 5709078.846000216),2662,3,"Butler Place, Westminster",289,16382,0.01764131363691857
"Howick Place, Westminster",51.496753,-0.138733,27,POINT (698603.9851784738 5708950.270472279),2666,3,"Howick Place, Westminster",686,16382,0.04187522890977902
"Waterloo Station 2, Waterloo",51.503919,-0.113426,48,POINT (700328.8019102656 5709815.995108536),2692,1,"Waterloo Station 2, Waterloo",1686,36599,0.0460668324271155
"Store Street, Bloomsbury",51.519572,-0.13214,32,POINT (698962.0500481067 5711505.252687159),3507,0,"Store Street, Bloomsbury",752,34559,0.021759888885673775
"City Road, Angel",51.530344,-0.100168,47,POINT (701132.2355936889 5712790.355687371),2690,1,"City Road, Angel",512,36599,0.013989453263750376
"Millennium Hotel, Mayfair",51.510919,-0.151126,27,POINT (697682.5892949575 5710491.715465748),1230,3,"Millennium Hotel, Mayfair",137,16382,0.008362837260407764
"Harrowby Street, Marylebone",51.517372,-0.164207,16,POINT (696747.2507808659 5711173.911362118),2680,0,"Harrowby Street, Marylebone",645,34559,0.01866373448305796
"Harriet Street, Knightsbridge",51.500241,-0.15934,25,POINT (697158.8335180253 5709282.341746918),2681,3,"Harriet Street, Knightsbridge",339,16382,0.0206934440239287
"King Edward Walk, Waterloo",51.49775,-0.10988,22,POINT (700601.9475052847 5709139.831892676),2639,2,"King Edward Walk, Waterloo",195,27563,0.007074701592714871
"Waterloo Station 1, Waterloo",51.504027,-0.113864,36,POINT (700297.9366144529 5709826.8034642935),2696,1,"Waterloo Station 1, Waterloo",2599,36599,0.07101286920407661
"Millbank Tower, Pimlico",51.491884,-0.125674,24,POINT (699531.525412826 5708444.454331138),2683,3,"Millbank Tower, Pimlico",240,16382,0.014650225857648639
"Waterloo Bridge, South Bank",51.505354,-0.113656,15,POINT (700306.547090664 5709974.911073448),2648,0,"Waterloo Bridge, South Bank",201,34559,0.005816140513325039
"Stanhope Gate, Mayfair",51.506864,-0.150666,21,POINT (697732.0659247618 5710042.1132977335),3506,3,"Stanhope Gate, Mayfair",202,16382,0.012330606763520938
"Charlotte Street, Fitzrovia",51.51953,-0.135777,14,POINT (698709.9580700608 5711490.696136245),2669,0,"Charlotte Street, Fitzrovia",552,34559,0.01597268439480309
"Farm Street, Mayfair",51.509351,-0.147449,15,POINT (697944.4871125876 5710327.324074982),2678,3,"Farm Street, Mayfair",144,16382,0.008790135514589183
"Fire Brigade Pier, Vauxhall",51.493699,-0.121394,30,POINT (699820.6403990678 5708657.928922616),2703,3,"Fire Brigade Pier, Vauxhall",288,16382,0.017580271029178366
"Southampton Street, Strand",51.510701,-0.121723,14,POINT (699723.4248797004 5710547.344197414),1228,3,"Southampton Street, Strand",229,16382,0.01397875717250641
"Buxton Street 1, Shoreditch",51.521776,-0.068856,41,POINT (703341.7953293375 5711924.338617318),1223,1,"Buxton Street 1, Shoreditch",206,36599,0.005628569086587066
"Clifford Street, Mayfair",51.510662,-0.142345,17,POINT (698292.9033437793 5710486.907147115),2688,3,"Clifford Street, Mayfair",189,16382,0.011537052862898302
"Snow Hill, Farringdon",51.517334,-0.103604,15,POINT (700951.2541455679 5711334.436793905),2699,1,"Snow Hill, Farringdon",729,36599,0.01991857701030083
"Cadogan Gardens, Chelsea",51.492462,-0.159919,15,POINT (697152.2323184309 5708415.8922658125),2695,3,"Cadogan Gardens, Chelsea",388,16382,0.023684531803198634
"Shouldham Street, Marylebone",51.51809,-0.163609,16,POINT (696785.6362808743 5711255.3493794575),2693,0,"Shouldham Street, Marylebone",808,34559,0.023380306143117566
"Brick Lane Market, Shoreditch",51.522617,-0.071653,24,POINT (703144.0531902127 5712010.06937505),2687,1,"Brick Lane Market, Shoreditch",316,36599,0.008634115686220935
"George Street, Marylebone",51.517703,-0.154106,27,POINT (697446.4961956562 5711237.930414013),1225,0,"George Street, Marylebone",651,34559,0.01883735061778408
"Columbia Road, Shoreditch",51.528187,-0.075375,24,POINT (702861.1337081576 5712619.0170144485),2701,1,"Columbia Road, Shoreditch",509,36599,0.013907483811033088
"George Place Mews, Marylebone",51.516892,-0.158249,16,POINT (697162.6140893222 5711136.585945214),10630,0,"George Place Mews, Marylebone",373,34559,0.010793136375473827
"Sun Street, Liverpool Street",51.520009,-0.083935,24,POINT (702303.7605494669 5711686.0667873),1129,1,"Sun Street, Liverpool Street",1007,36599,0.02751441296210279
"Strata, Elephant & Castle",51.493146,-0.099828,41,POINT (701319.812222693 5708655.561556398),10624,2,"Strata, Elephant & Castle",1031,27563,0.03740521713891812
"Edgware Road Station, Marylebone",51.519968,-0.169774,64,POINT (696349.9133017033 5711447.5836651195),1058,0,"Edgware Road Station, Marylebone",509,34559,0.014728435429265893
"Southwark Station 2, Southwark",51.504044,-0.104778,45,POINT (700928.3099926754 5709853.608791738),22163,2,"Southwark Station 2, Southwark",923,27563,0.033486920872183724
"Eaton Square (South), Belgravia",51.494561,-0.153933,31,POINT (697558.6118166773 5708665.409604556),22164,3,"Eaton Square (South), Belgravia",270,16382,0.01648150408985472
"Ebury Bridge, Pimlico",51.490491,-0.149186,29,POINT (697905.6952971604 5708225.725208079),22159,3,"Ebury Bridge, Pimlico",389,16382,0.023745574410938837
"Vincent Street, Pimlico",51.493072,-0.129925,17,POINT (699231.3007835702 5708564.954966623),22161,3,"Vincent Street, Pimlico",562,16382,0.034305945549993895
"Cheapside, Bank",51.51397,-0.09294,43,POINT (701705.8443718473 5710989.773688612),22180,1,"Cheapside, Bank",1603,36599,0.04379901090193721
"Crinan Street, King's Cross",51.534474,-0.122203,20,POINT (699586.1071976232 5713189.1669219285),22183,0,"Crinan Street, King's Cross",170,34559,0.004919123817240082
"Wren Street, Holborn",51.524564,-0.116279,33,POINT (700040.33467564 5712103.536937161),22169,0,"Wren Street, Holborn",746,34559,0.021586272750947655
"Kennington Station, Kennington",51.488852,-0.105593,23,POINT (700938.5908196815 5708162.302816168),22170,2,"Kennington Station, Kennington",452,27563,0.01639879548670319
"Red Lion Street, Holborn",51.51824,-0.11655,36,POINT (700049.2634064227 5711399.680773103),22171,0,"Red Lion Street, Holborn",843,34559,0.024393066929019935
"Killick Street, King's Cross",51.5338,-0.118677,22,POINT (699833.5552142356 5713123.859345471),200053,0,"Killick Street, King's Cross",168,34559,0.0048612517723313755
"Sail Street, Vauxhall",51.495656,-0.114605,24,POINT (700283.2327100643 5708894.073367559),200039,2,"Sail Street, Vauxhall",461,27563,0.016725320175597722
"St. Katharine's Way, Tower",51.505697,-0.070542,24,POINT (703296.4635742933 5710131.975341608),200049,1,"St. Katharine's Way, Tower",338,36599,0.009235225006147709
"Granby Street, Shoreditch",51.525645,-0.069543,37,POINT (703276.9066682142 5712352.588098743),22174,1,"Granby Street, Shoreditch",510,36599,0.01393480696193885
"Bell Lane, Liverpool Street",51.517475,-0.075855,23,POINT (702875.471294764 5711426.713532394),200036,1,"Bell Lane, Liverpool Street",666,36599,0.018197218503237793
"Fournier Street, Whitechapel",51.519362,-0.074431,18,POINT (702965.8550954314 5711640.462750973),200157,1,"Fournier Street, Whitechapel",549,36599,0.015000409847263587
"Fore Street Avenue, Guildhall",51.517842,-0.090075,19,POINT (701887.4640382584 5711428.17194577),200253,1,"Fore Street Avenue, Guildhall",529,36599,0.014453946829148337
"Portman Square, Marylebone",51.516204,-0.155525,17,POINT (697354.5472329254 5711067.438014326),200008,0,"Portman Square, Marylebone",405,34559,0.011719089094013138
"Clarges Street, Mayfair",51.507326,-0.145827,16,POINT (698065.805795815 5710106.569705442),200088,3,"Clarges Street, Mayfair",157,16382,0.009583689415211817
"Wellington Row, Bethnal Green",51.528222,-0.069743,33,POINT (703251.554073999 5712638.545765805),200165,1,"Wellington Row, Bethnal Green",374,36599,0.010218858438755158
"Hoxton Station, Hoxton",51.531091,-0.075901,22,POINT (702811.74369592 5712940.42834792),200151,1,"Hoxton Station, Hoxton",490,36599,0.013388343943823601
"Albany Street, The Regent's Park",51.528302,-0.144466,27,POINT (698069.173129901 5712442.420861086),200134,0,"Albany Street, The Regent's Park",758,34559,0.021933505020399896
"Percival Street, Finsbury",51.526153,-0.102208,22,POINT (701009.2349194228 5712318.784267962),200051,1,"Percival Street, Finsbury",607,36599,0.016585152599797807
"New Fetter Lane, Holborn",51.517428,-0.107987,21,POINT (700646.8076157956 5711332.855618714),200044,1,"New Fetter Lane, Holborn",779,36599,0.02128473455558895
"Westminster Bridge Road, Elephant & Castle",51.498386,-0.107913,26,POINT (700735.6544184977 5709215.938203022),200076,2,"Westminster Bridge Road, Elephant & Castle",123,27563,0.004462504081558611
"Gaywood  Street, Elephant & Castle",51.49605,-0.104193,45,POINT (701004.0863286003 5708966.431320187),200132,2,"Gaywood  Street, Elephant & Castle",530,27563,0.01922867612378914
"King Edward Street, St Pauls",51.51601,-0.0985,20,POINT (701311.1406109063 5711201.266988006),200203,1,"King Edward Street, St Pauls",577,36599,0.015765458072624933
"Page Street, Westminster",51.493978,-0.127554,24,POINT (699391.9018298261 5708672.144219647),200048,3,"Page Street, Westminster",736,16382,0.044927359296789156
"Bury Place, Holborn",51.51742,-0.123189,21,POINT (699592.3336548541 5711290.374855021),200074,0,"Bury Place, Holborn",450,34559,0.01302121010445904
"Somerset House, Strand",51.509943,-0.117619,41,POINT (700011.4683714542 5710474.281212816),200068,2,"Somerset House, Strand",303,27563,0.010992997859449261
"Pitfield Street Central, Hoxton",51.53213,-0.08299,30,POINT (702315.5471798282 5713036.309823118),200248,1,"Pitfield Street Central, Hoxton",692,36599,0.018907620426787616
"Eagle Wharf Road, Hoxton",51.53356,-0.09315,45,POINT (701604.6941804232 5713167.240571536),200246,1,"Eagle Wharf Road, Hoxton",1553,36599,0.04243285335664909
"Queen Street 2, Bank",51.511246,-0.093051,36,POINT (701710.1819755924 5710686.609594937),200128,2,"Queen Street 2, Bank",1017,27563,0.03689728984508218
"New Cavendish Street, Marylebone",51.519167,-0.147983,18,POINT (697864.8796515019 5711417.24760586),200005,0,"New Cavendish Street, Marylebone",470,34559,0.01359993055354611
"Abingdon Green, Westminster",51.49764,-0.125972,20,POINT (699485.7004948586 5709083.60437273),200231,3,"Abingdon Green, Westminster",329,16382,0.020083017946526675
"Monument Street, Monument",51.50964,-0.08497,22,POINT (702277.9221447001 5710530.366623218),200101,2,"Monument Street, Monument",534,27563,0.019373798207742262
"Hoxton Street, Hoxton",51.52959,-0.0801,27,POINT (702527.2278630007 5712761.908508834),200071,1,"Hoxton Street, Hoxton",421,36599,0.011503046531325993
"Greenberry Street, St.John's Wood",51.53256,-0.16862,26,POINT (696375.7501421022 5712850.701108419),200236,0,"Greenberry Street, St.John's Wood",341,34559,0.009867183656934517
"Northdown Street, King's Cross",51.531066,-0.11934,21,POINT (699799.5577004043 5712818.0756348455),200058,1,"Northdown Street, King's Cross",243,36599,0.006639525670100276
"Kingsway Southbound, Strand",51.513875,-0.117774,33,POINT (699983.4867229537 5710911.024641579),200226,2,"Kingsway Southbound, Strand",707,27563,0.025650328338714945
"Seymour Place, Marylebone",51.520331,-0.163667,29,POINT (696771.9496224415 5711504.354453924),200198,0,"Seymour Place, Marylebone",568,34559,0.016435660754072746
"Archbishop's Park, Waterloo",51.498241,-0.117495,23,POINT (700071.3429518521 5709173.571098985),300025,2,"Archbishop's Park, Waterloo",238,27563,0.008634763995210971
"Great Suffolk Street, The Borough",51.501732,-0.100292,21,POINT (701249.7687710027 5709608.887667844),200200,2,"Great Suffolk Street, The Borough",577,27563,0.020933860610238362
"Buckingham Gate, Westminster",51.498865,-0.137424,16,POINT (698685.6387006223 5709188.641061321),200178,3,"Buckingham Gate, Westminster",338,16382,0.0206324014161885
"Blackfriars Station, St. Paul's",51.511934,-0.103078,35,POINT (701011.522699639 5710735.5013135085),200212,1,"Blackfriars Station, St. Paul's",1035,36599,0.028279461187464137
"Harris Academy, Bermondsey",51.492668,-0.07235,18,POINT (703228.9948502233 5708678.379133785),300004,2,"Harris Academy, Bermondsey",499,27563,0.018103979973152416
"Chicheley Street, South Bank",51.502698,-0.116747,24,POINT (700103.7187189239 5709671.153663825),200206,3,"Chicheley Street, South Bank",332,16382,0.020266145769747283
"St. Bride Street, Holborn",51.515059,-0.105344,25,POINT (700840.5680811899 5711076.719618331),200094,2,"St. Bride Street, Holborn",725,27563,0.026303377716504008
"Snowsfields, London Bridge",51.502153,-0.083632,31,POINT (702403.9403159893 5709701.654713543),200193,2,"Snowsfields, London Bridge",892,27563,0.032362224721547005
"Walworth Square, Walworth",51.491327,-0.096518,24,POINT (701557.5633142444 5708462.435435304),300050,2,"Walworth Square, Walworth",771,27563,0.02797228168196495
"Duke Street Hill, London Bridge",51.506304,-0.087262,21,POINT (702133.6787802535 5710153.131014298),300083,2,"Duke Street Hill, London Bridge",1379,27563,0.05003083844284004
"Newton Street, Covent Garden",51.516128,-0.120909,24,POINT (699756.144543024 5711152.951555423),300074,0,"Newton Street, Covent Garden",229,34559,0.006626349142046934
"Broadley Terrace, Marylebone",51.524561,-0.165668,18,POINT (696614.9266912006 5711969.277762083),300072,0,"Broadley Terrace, Marylebone",232,34559,0.0067131572094099945
"Storey's Gate, Westminster",51.500703,-0.129698,21,POINT (699213.7656501522 5709414.002473298),200202,3,"Storey's Gate, Westminster",594,16382,0.03625930899768038
"Tallis Street, Temple",51.511891,-0.107349,24,POINT (700715.4125272352 5710718.992834151),300096,2,"Tallis Street, Temple",410,27563,0.01487501360519537
"Houndsditch, Aldgate",51.514449,-0.077178,28,POINT (702797.1464323034 5711086.610977677),200072,1,"Houndsditch, Aldgate",551,36599,0.01505505614907511
"Victoria & Albert Museum, South Kensington",51.495898,-0.173009,30,POINT (696228.9566053811 5708762.728753406),300032,3,"Victoria & Albert Museum, South Kensington",126,16382,0.007691368575265535
"Blackfriars Road, Southwark",51.505461,-0.10454,42,POINT (700938.5875158405 5710011.8066652585),300214,2,"Blackfriars Road, Southwark",662,27563,0.024017704894242282
"Cromer Street, Bloomsbury",51.528279,-0.119558,28,POINT (699796.6470480636 5712507.615314662),300205,0,"Cromer Street, Bloomsbury",454,34559,0.013136954194276455
"Euston Square Gardens, Euston",51.527068,-0.131861,30,POINT (698948.7141651544 5712339.434673073),300203,0,"Euston Square Gardens, Euston",323,34559,0.009346335252756155
"Coram Street, Bloomsbury",51.524,-0.126409,29,POINT (699340.2258278949 5712013.172332775),300201,0,"Coram Street, Bloomsbury",584,34559,0.0168986371133424
"Ossulston Street, Somers Town",51.5293,-0.128279,30,POINT (699187.386929571 5712597.343710078),300211,0,"Ossulston Street, Somers Town",1027,34559,0.029717295060620968
"Birkenhead Street, King's Cross",51.530199,-0.122299,27,POINT (699598.1573415846 5712713.600645142),300212,0,"Birkenhead Street, King's Cross",616,34559,0.01782458983188171
"Kings Gate House, Westminster",51.497698,-0.137598,24,POINT (698678.6410075375 5709058.419013274),300202,3,"Kings Gate House, Westminster",240,16382,0.014650225857648639
"Lavington Street, Bankside",51.505224,-0.098031,29,POINT (701391.2565175104 5710003.3548496105),300208,2,"Lavington Street, Bankside",493,27563,0.017886296847222725
"Southwark Street, Bankside",51.505409,-0.098341,23,POINT (701368.9312567082 5710023.07006454),300238,2,"Southwark Street, Bankside",377,27563,0.013677756412582084
"Good's Way, King's Cross",51.534667,-0.125078,27,POINT (699385.9091468374 5713202.78244294),300243,0,"Good's Way, King's Cross",765,34559,0.02213605717758037
"Lincoln's Inn Fields, Holborn",51.516277,-0.118272,28,POINT (699938.4164947078 5711176.722316811),300240,0,"Lincoln's Inn Fields, Holborn",612,34559,0.017708845742064296
"Tate Modern, Bankside",51.506725,-0.098807,30,POINT (701330.7944980682 5710168.102189684),300237,2,"Tate Modern, Bankside",646,27563,0.02343721655842978
"Lambeth Palace Road, Waterloo",51.500089,-0.116628,35,POINT (700123.4102091623 5709381.406045355),300231,2,"Lambeth Palace Road, Waterloo",1009,27563,0.036607045677175924
"Westminster Pier, Westminster",51.501513,-0.123823,27,POINT (699617.9030205474 5709520.073092179),300249,3,"Westminster Pier, Westminster",507,16382,0.03094860212428275
"Belvedere Road 2, South Bank",51.50621,-0.114842,38,POINT (700220.5026304508 5710066.836031829),300246,2,"Belvedere Road 2, South Bank",290,27563,0.010521351086601604
"Victory Place, Walworth",51.492807,-0.091938,24,POINT (701868.9012705327 5708639.609396043),300239,2,"Victory Place, Walworth",402,27563,0.014584769437289119
"Allington Street, Victoria",51.496863,-0.142943,28,POINT (698311.3408110595 5708951.081375946),300242,3,"Allington Street, Victoria",679,16382,0.041447930655597605
"Farringdon Street, Holborn",51.516785,-0.104947,25,POINT (700860.5113426552 5711269.709292027),300220,1,"Farringdon Street, Holborn",706,36599,0.01929014453946829
"Fore Street, Guildhall",51.518093,-0.091401,25,POINT (701794.375475029 5711452.419381433),300222,1,"Fore Street, Guildhall",657,36599,0.01795131014508593
"Sea Containers, South Bank",51.508033,-0.106823,30,POINT (700768.8713383577 5710291.497523788),200144,2,"Sea Containers, South Bank",591,27563,0.021441787904074302
"Tower Wharf, Bermondsey",51.500845,-0.074704,20,POINT (703029.2630292688 5709580.968260148),2667,2,"Tower Wharf, Bermondsey",805,27563,0.02920581939556652
"Temple Gardens, Temple",51.510981,-0.108322,24,POINT (700651.9110976107 5710615.148183223),300250,3,"Temple Gardens, Temple",328,16382,0.020021975338786472
"Crimscott Street, Bermondsey",51.495598,-0.078893,19,POINT (702761.8792273265 5708985.985819713),300061,2,"Crimscott Street, Bermondsey",700,27563,0.025396364691796975
"Brandon Street, Walworth",51.489102,-0.091548,22,POINT (701912.3452214567 5708228.759777041),300060,2,"Brandon Street, Walworth",455,27563,0.016507637049668032
"Strand, Strand",51.512582,-0.115057,35,POINT (700177.6408596024 5710774.6980508175),1100,2,"Strand, Strand",808,27563,0.029314660958531365
"Waterloo Place, St. James's",51.506633,-0.131773,20,POINT (699043.9239955844 5710067.664305961),3458,3,"Waterloo Place, St. James's",328,16382,0.020021975338786472
"Horseferry Road, Westminster",51.494816,-0.130458,16,POINT (699186.7028334276 5708757.405095611),1170,3,"Horseferry Road, Westminster",497,16382,0.030338176046880723
"Broadwick Street, Soho",51.513684,-0.13558,18,POINT (698749.0802212467 5710841.259306537),3489,0,"Broadwick Street, Soho",694,34559,0.020081599583321275
"Golden Square, Soho",51.511897,-0.137043,18,POINT (698655.3657768716 5710638.60251478),3451,0,"Golden Square, Soho",398,34559,0.011516536936832663
"Wardour Street, Soho",51.512515,-0.133201,16,POINT (698919.2118216616 5710717.753705509),1163,0,"Wardour Street, Soho",624,34559,0.018056078011516537
"Frith Street, Soho",51.513103,-0.131213,18,POINT (699054.5633347848 5710788.536672089),2660,0,"Frith Street, Soho",393,34559,0.011371856824560897
"Moor Street, Soho",51.513527,-0.13011,16,POINT (699129.2321963983 5710838.679944966),3504,0,"Moor Street, Soho",688,34559,0.019907983448595155
"Soho Square , Soho",51.515631,-0.132328,57,POINT (698966.1913130833 5711066.571887558),1052,0,"Soho Square , Soho",1193,34559,0.03452067478804364
"Upper Grosvenor Street, Mayfair",51.51013,-0.155757,18,POINT (697364.7162721711 5710391.488111881),10621,0,"Upper Grosvenor Street, Mayfair",44,34559,0.0012731849879915507
"Park Lane, Mayfair",51.505426,-0.150817,18,POINT (697727.8168774513 5709881.824694509),300093,3,"Park Lane, Mayfair",211,16382,0.012879990233182762
"Pall Mall East, West End",51.50777,-0.130699,22,POINT (699113.482371636 5710197.001030144),1153,3,"Pall Mall East, West End",284,16382,0.017336100598217555
"Green Park Station, Mayfair",51.506613,-0.142844,28,POINT (698275.8695812235 5710035.377121996),200096,3,"Green Park Station, Mayfair",773,16382,0.04718593578317666
